04015950500,-114.31452030954131,35.35460868203225
04015954900,-114.05843293706286,35.235502983682984
04015951800,-114.62159388599346,35.09703676221503
04015952400,-114.33887974498582,34.60253609933142
04027012100,-113.83745269706493,32.949966775681354
04027000200,-114.6289223974359,32.718520794871814
04027000301,-114.647465603352,32.72775664245811
04027000908,-114.65199391447361,32.65317850000001
04027011000,-114.71341830714273,32.695136205357144
04027980003,-113.62475202319594,32.21589242010308
04027000902,-114.65371531666666,32.691519400000004
04027010913,-114.56665864259931,32.70661260649819
04027011112,-114.40352162318842,32.65383043478262
04027011107,-114.55591537792637,32.65385671571905
04027010914,-114.48599051699013,32.799600061893194
04027011202,-113.91076674188795,32.7615225398231
04027980005,-114.65357853086418,32.47503009876543
04027980004,-114.06030709617617,32.527402589803
04027000302,-114.63874791803279,32.715394032786875
04027000402,-114.67712489830512,32.71329844067797
04027000600,-114.63785014655174,32.70473875431034
04027000700,-114.61230377622368,32.69038978321676
04019004325,-111.08613724600251,31.82288337515372
04027000800,-114.63549882233498,32.690348121827434
04027000901,-114.6422642369942,32.69009291907516
04027000903,-114.6744162073171,32.70211242682925
04027001100,-114.61501141322312,32.67571485950414
04027001200,-114.5952446375839,32.68035361073824
04027011501,-114.7415637285156,32.58695740234376
04027000100,-114.61821672463768,32.7145518768116
04009961201,-109.75020442492017,32.863760309904116
04013813200,-111.81516831111108,33.23978777777778
04021000902,-111.3981560364583,33.01917205729166
04021000310,-111.52801901724133,33.4202572816092
04021000312,-111.56280213709672,33.411248443548395
04003000202,-109.83522156475904,32.2022041099398
04003000203,-109.87788233951194,32.02055551853528
04003000201,-110.04535219225703,32.209391104330734
04003002002,-110.18072778749992,31.494196054166675
04003000902,-109.55073392086328,31.3551963381295
04003000901,-109.55267807692306,31.338480523076914
04003001602,-110.26876292682928,31.556118439024388
04003001601,-110.28469138541668,31.558231770833345
04003001701,-110.2493101891892,31.545414905405416
04003001502,-110.3001918,31.56065231000002
04003001501,-110.2975543762376,31.54319025742574
04005000400,-111.60470296363631,35.21896176363637
04005001000,-111.65630243333331,35.18301692499999
04005002000,-112.28018064232589,36.658931115241515
04005000200,-111.6398041165254,35.219419434322035
04017963300,-110.34083571950545,34.60107743395165
04017963800,-110.01704551307587,34.46538325653798
04017940013,-110.38437746308368,35.78971507817588
04017940301,-109.98202048198199,33.85848003153151
04017963700,-110.54251359763309,34.40922357988166
04021000313,-111.57398386466161,33.400892518796994
04021001408,-111.66321980973454,32.85646731415929
04021001305,-111.74141990350883,32.92470011403508
04021001306,-111.74196402564105,32.899820410256396
04021001405,-111.70620332352944,32.88534469607842
04021001406,-111.74283187735848,32.86125206603774
04021001403,-111.74867961481479,32.88721739259257
04021000208,-111.46340800510208,33.153823499999994
04019004029,-110.83177830275228,32.1705381559633
04019004030,-110.8522125099338,32.25907586092715
04019004031,-110.8323095808823,32.25704383088236
04019004032,-110.83125023493982,32.24362698795179
04019002702,-110.93635010493826,32.27242792592591
04019002801,-110.91681799999996,32.26768629411765
04019002802,-110.91636251960782,32.26192433333333
04019002803,-110.92006635514016,32.25618371962617
04019004034,-110.8476672941176,32.182111247058835
04019004035,-110.81231361403509,32.18524716374269
04019004038,-110.83208935537189,32.18088680991736
04019004043,-110.78095124603175,32.21365335714286
04019004044,-110.75436775268811,32.22101130107525
04019004042,-110.78324396969697,32.22806871717171
04019004047,-110.8042772196263,32.24491543925235
04019004048,-110.7984105526316,32.22745261184211
04019004049,-110.79866905555559,32.2138677037037
04019004050,-110.76417672881357,32.27557158898303
04019004046,-110.81622941290331,32.24288404516131
04019004056,-110.79662321600004,32.18549970400002
04019004057,-110.7818084084507,32.18234119014085
04019004058,-110.79957230232563,32.169599813953475
04019004110,-110.94017146666667,32.15598504444445
04019004054,-110.78115797633136,32.285927402366845
04019004310,-111.02314327519387,32.168512011627904
04019004321,-111.03798240123452,32.12452503086419
04019004112,-110.8989872777778,32.144864857142856
04019004647,-111.05480913432832,32.34524949253732
04019004613,-111.04613749751239,32.32606328358209
04019004614,-110.99560027513229,32.34380833333335
04019004627,-111.0328837083333,32.329032333333345
04019004630,-111.06546615492964,32.38667609859155
04019004631,-111.03789014285718,32.38227185714286
04019004632,-111.02300945217392,32.38458106086955
04019004404,-111.08619771186439,32.189858186440674
04019004407,-111.0025894469027,32.193562522123905
04019004413,-111.03174303619913,32.24280690950225
04019004414,-111.01402880000005,32.24196825925925
04019004615,-110.99176645291477,32.33028434080716
04019004616,-111.00061090070918,32.30882373049646
04019004617,-110.98307153124995,32.31872150625
04019004618,-110.98606347647052,32.30341068235295
04019004322,-111.03380745751632,32.1181051633987
04019004634,-111.03510812500001,32.408088504807715
04019004636,-110.98637220754718,32.41552131132079
04019004717,-110.89499732323232,32.327697272727264
04017961300,-109.98745364918024,34.16102370491804
04019004718,-110.88258134000003,32.31601125333333
04019004505,-110.99260491515155,32.270350824242435
04019004506,-111.02604636871504,32.3025703631285
04019004508,-110.98841380645155,32.287245283870966
04019004513,-111.00334127868852,32.28406762295083
04019004610,-111.0258465138889,32.314796409722234
04019004621,-111.00416409868421,32.3635360131579
04019004622,-110.98336933098582,32.359767084507055
04019001200,-110.9944463540669,32.24303519617224
04019001302,-110.97536246385543,32.24432965060243
04019001400,-110.96143723232325,32.24701354040403
04019004623,-111.03164220231218,32.36506966473991
04019004624,-111.04015384328356,32.349158985074624
04019004625,-111.02155953896106,32.349950987013
04019004626,-111.02165115151517,32.34305106060607
04019003004,-110.86635269655171,32.25614792413791
04019003002,-110.86633179532168,32.237918526315795
04019003102,-110.88222155063296,32.23663668987343
04019003304,-110.88215539855074,32.22227863768116
04019003302,-110.85024226451611,32.2133726
04019003400,-110.89693323376622,32.21562638961039
04019003502,-110.87838644117646,32.20808498529413
04019003504,-110.86125756737594,32.199404702127666
04019003702,-110.95692341216213,32.140212966216204
04019003704,-110.9726412222222,32.141301611111096
04019000300,-110.97701771232876,32.23204742465753
04019001100,-110.99251244262291,32.23249586065574
04019003705,-110.97198830252104,32.126997075630264
04019003801,-110.97255156818183,32.16975294318182
04019003802,-110.97481112686565,32.157625388059685
04019003901,-110.98464934645666,32.1562208582677
04019003902,-110.98560166666662,32.14051716260163
04019003903,-110.98348028985507,32.12858192753624
04019004008,-110.85020024038461,32.1997893221154
04019004010,-110.8348833608247,32.21333489690721
04019001500,-110.951584147541,32.24582910382512
04019001600,-110.93806098795173,32.246907126506024
04019001700,-110.93148897345128,32.263104769911514
04017965302,-110.04929297260283,34.31016230593611
04017961702,-110.03814014874148,34.214890572082396
04017965301,-109.93767301779361,34.181545633451975
04017962501,-109.96458090980384,34.13579041960786
04019002300,-110.96985839682542,32.19250031746029
04019002400,-110.97015735885178,32.17955674641148
04019002503,-110.996749,32.18780178888889
04019002504,-111.00013496178346,32.170881363057326
04019002505,-111.00153033333332,32.1549022173913
04019002604,-110.97515056024103,32.269439512048166
04019002602,-110.95825214999998,32.26867287142857
04019002704,-110.94876071568622,32.27843158823528
04003001703,-110.22306151155112,31.534579650164996
04003001702,-110.19073450918638,31.587847971128657
04003001402,-110.37737686123144,31.514487071986117
04003001401,-110.35306964817514,31.578249854014576
04003000301,-110.30051144881884,31.957155367454046
04003000303,-110.15702140718898,32.14799418915735
04001944000,-109.19353594196413,35.96805704393804
04017964901,-109.90853391509434,34.11903726415093
04017964902,-109.88338916835008,34.12258693939394
04017962502,-109.95053668306007,34.11929398907104
04017961701,-110.01505288927326,34.21457645155707
04017965201,-110.06935354193544,34.254746109677434
04017964801,-110.16140035671638,34.28354886716421
04017964802,-110.09518174509803,34.23782860130717
04017965202,-110.04043160135132,34.25482756756756
04019000700,-110.94083958823529,32.21690956302522
04021000315,-111.52910756441716,33.4000421165644
04019000600,-110.9362755811966,32.233143952991476
04019002000,-110.9281256111112,32.200736861111146
04019003503,-110.8724537916667,32.20045747499999
04019004722,-110.84971578795822,32.28875171465972
04019002100,-110.92721355405408,32.18936146959461
04019004643,-110.95432302690585,32.47530374215246
04019004714,-110.94188614179113,32.33203297761193
04019004116,-110.90343925581392,32.1400405
04019004036,-110.81513378861791,32.181232471544696
04019001900,-110.92200794117645,32.22085419117647
04019004320,-111.05512823904382,32.12324013944224
04019004712,-110.91045765109885,32.29067587637361
04019004037,-110.83116221904767,32.18804633333333
04019004428,-111.14124003518376,32.274045333854595
04019000800,-110.95548653082197,32.21383670890412
04019004316,-111.30681422725705,31.843641517876076
04019004710,-110.933302324,32.28431759600001
04019004317,-110.99436990034363,31.869102512027514
04019004711,-110.92440701642707,32.30237306160162
04019004418,-111.06378319230762,32.30441937637362
04019004412,-111.03153978378366,32.26045003378376
04019004312,-111.02911815808827,32.14686961397061
04019004635,-110.98668668965513,32.403892324137935
04019004053,-110.80441173030307,32.27322030909092
04019004051,-110.7218335193966,32.26694209482758
04019004313,-111.27525808819729,32.00987283657588
04019004415,-111.00275793750006,32.22084472058824
04019004419,-111.32727438809047,32.44381056468172
04019004307,-110.9837783189873,31.870362237974653
04019004512,-111.00901324513626,32.29138762256808
04019004055,-110.79075435769235,32.2563783269231
04017960500,-110.38465831538596,34.90429524484183
04017960100,-110.12150324264707,34.99279900367651
04019002901,-110.90187029710148,32.25104942028985
04019002906,-110.89033777914118,32.26616945398773
04019002904,-110.88400779518076,32.252347704819265
04021000206,-111.55384389147285,33.23080927906977
04021000212,-111.51667752173907,33.13343141304348
04021001407,-111.7030127740384,32.84913026923076
04021001404,-111.7335144516129,32.88624303225806
04021001709,-112.00604298630138,33.07067198630137
04021001705,-112.02847766666669,33.07797407936509
04013082204,-112.2640515284975,33.408003238341976
04013082206,-112.2458226752578,33.39760483505157
04013082207,-112.29131976785717,33.398121535714296
04013082209,-112.29519161666664,33.431986200000004
04013082210,-112.29788413414633,33.4255115
04013082211,-112.32186904587154,33.42692147706422
04013092311,-112.18813097499999,33.56071435
04013092312,-112.19767158620692,33.56063556896551
04013616400,-112.1238943012048,33.66190819277109
04013616600,-112.091833479452,33.66353913698628
04013616700,-112.0736367246377,33.662172811594196
04013616800,-112.05591310810811,33.66102421621621
04013617400,-112.30282777375562,33.649553221719444
04013617500,-112.26269190291268,33.644878679611644
04013617600,-112.2440722465753,33.64403098630137
04013615100,-111.97896260185189,33.68946427777779
04013616100,-112.16192847999996,33.66410850400001
04013616900,-112.03779951639346,33.66375694262296
04013617200,-112.00564301492538,33.6595637164179
04012980000,-114.41745285470083,33.276626431623924
04013092719,-112.28116815714289,33.51652921428571
04013092721,-112.24435614634146,33.54578997560976
04013092801,-112.19469222058825,33.5347558235294
04013103219,-111.93456285869568,33.63033806521737
04013103220,-111.93674597333336,33.62023163999999
04013103701,-112.04972991129031,33.60649920967742
04013103702,-112.05599286328126,33.59085351562499
04013617700,-112.232625272,33.64521062400001
04013617800,-112.2069928372093,33.64690786046512
04013617900,-112.19946093069304,33.64374055445544
04013618100,-112.15801462068963,33.64800615517241
04013618200,-112.14458245454543,33.65184629090909
04013618500,-112.1247045238095,33.64307622222222
04013618600,-112.10802575438593,33.647691315789466
04013618800,-112.09039869565217,33.64422432608694
04013619000,-112.0559395,33.651323066666656
04013112510,-112.21935976129035,33.43668425161291
04013617300,-111.9928065967742,33.65824361290323
04013811300,-111.81608028571429,33.32394204761904
04013812100,-111.81706922222226,33.28814993518519
04013812300,-111.84766593506492,33.27110438961037
04013812400,-111.82287587894733,33.26708570526316
04013812500,-111.78291528571427,33.26811339285714
04013812600,-111.87438449677423,33.25267413548384
04013812700,-111.854495728972,33.252903785046726
04013615500,-112.264030962963,33.65858822222223
04013104402,-112.10864656521744,33.57413863768115
04013104701,-112.05976314393939,33.57834112878788
04013104702,-112.05353876146792,33.57458213761468
04013105003,-111.95651227173913,33.56464318478263
04013112512,-112.17874956020951,33.449422795811515
04013812900,-111.86844437762245,33.2390801048951
04013813000,-111.85563239024395,33.23517018902439
04013813100,-111.83166569230767,33.24023214285713
04013813300,-111.79147430769228,33.24148764615384
04013813400,-111.8333862649007,33.21641912582781
04013813500,-111.8054738955224,33.225898380597
04013813700,-111.84918313684207,33.21032529473684
04019004117,-110.92696443147211,32.15897316243654
04019002201,-110.95202609150317,32.172411934640536
04013105004,-111.96056127570095,33.549254126168215
04013106002,-112.10563646428571,33.55002917857143
04013106003,-112.10719757142857,33.54102979999999
04013106502,-112.05193003921569,33.53274635294117
04013106701,-112.09548428205129,33.53498505128204
04013106703,-112.09205063934428,33.528190049180324
04013106802,-112.1057175633803,33.530631746478875
04013107601,-112.05919793617021,33.51732312765958
04013107602,-112.05259754901964,33.51747070588235
04013108301,-112.00397579090904,33.50955237272726
04013108501,-112.04308906779659,33.501662338983046
04013112514,-112.16303635111109,33.41386583999997
04013619200,-112.05418859615385,33.64378746153848
04013619300,-112.03926915584414,33.650854220779216
04013619400,-112.03939193243241,33.64484233783785
04013619500,-112.02152375,33.64777527941175
04013813900,-111.79648230769227,33.213531525641024
04013814000,-111.78149349462365,33.212956903225795
04013814100,-111.76476786746991,33.21092555421686
04013814400,-111.78458068421055,33.32801157017543
04013814500,-111.76247030263157,33.32886993421052
04013814700,-111.72924383516482,33.3296043956044
04013422620,-111.73090769318183,33.371760818181826
04013422621,-111.7145183623188,33.372876710144936
04013108502,-112.0345395614035,33.50304359649124
04013109001,-112.11466386792452,33.50319624528303
04013109002,-112.10534956000001,33.5050453
04013109003,-112.10601406451612,33.49915620967742
04013109102,-112.1273216037736,33.498157679245274
04013110501,-112.0791268076923,33.488528461538465
04013110502,-112.06899313725488,33.48790733333333
04013110802,-112.02177997777778,33.484272422222226
04013110901,-112.00790239682537,33.48852293650793
04013116731,-112.09561332031247,33.297813625
04013117000,-112.10625401612899,33.48845977419355
04013619700,-111.98717523333329,33.6510757
04013619800,-111.98482337837837,33.64428517567569
04013619900,-111.95902809803918,33.64428104901962
04013810000,-111.95780678709677,33.32753856774193
04013810100,-111.92147183823528,33.32883974264706
04013810300,-111.88616978688528,33.32842500000001
04013422623,-111.69647835537194,33.35143739669424
04013422632,-111.64134573000001,33.40069917999999
04013422636,-111.72917708208959,33.386335656716426
04013422637,-111.7145786951219,33.39959024390246
04013050611,-112.5141054141414,33.38503331919189
04013105502,-112.10291134782605,33.56290010869566
04013030401,-111.91768212328769,33.820293020547965
04013040529,-112.39455243083,33.662225660079066
04013061017,-112.43575260465114,33.469354418604645
04013061034,-112.36716973333333,33.618274233333324
04013105501,-112.11165812345679,33.560124629629634
04013217203,-111.91777344943823,33.50637193258427
04013420402,-111.78113541366903,33.46902378776976
04013106702,-112.08704973469389,33.53520628571429
04013040531,-112.36971395384619,33.64746249230769
04015950706,-113.99958921126759,35.26029411737091
04015950703,-114.02465931901835,35.258792312883436
04013810400,-111.95683109937886,33.320506621117985
04013810500,-111.9383265692308,33.31717919999999
04013810600,-111.9183934848485,33.31754077272728
04013810800,-111.88688765217387,33.314524413043486
04013810900,-111.93232071287127,33.29869380198019
04013811000,-111.92213467826086,33.29867274782607
04013811100,-111.9033189833333,33.298810916666675
04013811500,-111.79786434375004,33.31050090625
04013811600,-111.81722083544298,33.29743959493672
04013811700,-111.79703197468349,33.29976634177215
04013422638,-111.70987981395352,33.387035224806205
04013422640,-111.64358334246573,33.37232484931508
04013814900,-111.78824728859057,33.31462771140941
04013815000,-111.76338917525776,33.31360430927835
04013815100,-111.72906010588235,33.31412198823529
04013815300,-111.78038327611935,33.29484091044777
04013071509,-112.22877245112778,33.62587012781956
04013071506,-112.26349271874999,33.62194833333333
04013071511,-112.2087433811659,33.626818107623315
04013082012,-112.29980381818184,33.498704472727276
04013105601,-112.12057607407408,33.56206474074073
04013105702,-112.1388504901961,33.55958607843138
04013421102,-111.8494368615385,33.433433123076924
04013421801,-111.79745716363632,33.39736489090909
04013421802,-111.79683499999997,33.40392025454545
04013421902,-111.81445984126982,33.4040077936508
04013105800,-112.14275713559323,33.545418813559316
04013105400,-112.09112998823528,33.560615811764706
04013105900,-112.12636859677416,33.54604417741935
04013106100,-112.09070652439021,33.544929292682944
04013106200,-112.07335457894739,33.54538406578947
04013106300,-112.05387932520323,33.547417747967465
04013110002,-112.16120248226946,33.48939835460992
04013110100,-112.14345057575757,33.487702363636366
04013110400,-112.09171805882349,33.48716677941176
04013110600,-112.05537388888888,33.48859006172839
04013110701,-112.04337324742265,33.48685354639176
04013110702,-112.03784988043476,33.48737372826086
04013216820,-111.71126537083332,33.61362665833333
04013071513,-112.21056433823537,33.621745441176465
04013421302,-111.84869515116276,33.41471929069769
04013092309,-112.16060384848484,33.5595323939394
04013092500,-112.17655393506492,33.5454304025974
04013092305,-112.1952802631579,33.5735779736842
04013092307,-112.17718012857142,33.560589071428566
04013092308,-112.16029821428576,33.575185767857135
04013092600,-112.19398320634919,33.54477950793651
04013422649,-111.58802244705882,33.33694171764705
04013422655,-111.64520743209877,33.358065518518515
04013422651,-111.6120371573034,33.37094576404495
04019005400,-110.97443044278613,32.214454855721385
04019980002,-110.93228164761899,32.11795607619048
04019980001,-110.9413346115108,32.09737980575539
04019002509,-110.98389473198856,32.193791342939456
04019980400,-110.99263039772728,32.20269955681818
04013523006,-111.86646407272733,33.31306489090908
04013523102,-111.831286,33.30055402499998
04013523103,-111.86792119999998,33.29915065333334
04013422102,-111.86491906250004,33.40329601249998
04013422103,-111.86875900000004,33.39668269135802
04013422104,-111.8784882835821,33.40022173134329
04013422105,-111.84886173214286,33.39742582142856
04013422106,-111.84866582500001,33.404098162500006
04013422107,-111.86197331944446,33.3970601111111
04013422203,-111.85044664583336,33.38454517708333
04013422209,-111.8506360943396,33.342530264150945
04013941100,-111.94060075590549,33.25953522834647
04013217700,-111.90033532857144,33.48820195714287
04013319600,-111.93338534090908,33.40063931818182
04013421901,-111.8145409365079,33.39737782539681
04013422501,-111.76267769565216,33.40057034782609
04013422502,-111.78063651515153,33.40148686363636
04013422210,-111.86806933333337,33.34259809803922
04013422211,-111.88673606557379,33.342312295081975
04013422212,-111.8844717614679,33.37204361467889
04013422213,-111.88880028571432,33.36026961904762
04013422216,-111.84893406410255,33.37187429487179
04013422218,-111.88779490384618,33.35318953846154
04013422219,-111.86769065116277,33.3531353255814
04013422220,-111.85088930952378,33.352887357142855
04013422301,-111.82166986567167,33.38649700000003
04013422302,-111.7988426,33.385473019047616
04005001201,-111.65458333191488,35.203495085106375
04005002301,-112.55105754798302,35.76186302873723
04005000301,-111.62613169288386,35.2255928764045
04005980200,-111.68905549532712,35.212503308411215
04005000602,-111.56242050309449,35.175075047745416
04005002101,-111.45930228163266,36.930122436734685
04005001103,-111.67645767021281,35.19199521276596
04005002201,-111.83067147370177,35.46908861967378
04013422222,-111.86471549541278,33.37054537614678
04013422622,-111.69602343037974,33.37218326582278
04013216830,-111.93564847692309,33.581659415384614
04013216833,-111.85616454411763,33.57461297058825
04013216837,-111.83551790825685,33.590555036697246
04013216838,-111.8826329764706,33.60259639999999
04019004115,-110.91977237012985,32.14465114935064
04013980500,-111.88301731404958,33.247845619834706
04013980400,-111.96153080459773,33.29728226436781
04013522904,-111.82837353846155,33.31224915384615
04013610700,-112.02515480164432,33.868258313463485
04013611200,-112.21193805063294,33.707252379746855
04013611700,-112.17957199999996,33.70537387499999
04013611800,-112.14509716923078,33.705667969230745
04013612600,-111.98877152564098,33.76528264102564
04027011405,-114.76463306818182,32.491861477272714
04027011403,-114.77951439072841,32.49435431125828
04027011503,-114.7044167431193,32.60499376146789
04027011700,-114.47095910476186,32.68044170476191
04027010911,-114.5084235668449,32.68458796791445
04019004323,-110.9680755018051,31.97697716245486
04019004326,-110.97271466086951,31.923987742028945
04019004640,-110.99441759785944,32.46621252446484
04013040525,-112.42661337671228,33.66234085616438
04013040526,-112.43984541530055,33.64590350273226
04013040527,-112.43209802721087,33.64644785034014
04013060801,-112.32680665000002,33.63291245000001
04013422624,-111.72679657692308,33.4108915
04019005300,-110.73465292899414,32.246173790927
04019004073,-110.81799000694448,32.11570601851854
04019004332,-111.01300391724143,31.869012500000004
04019004422,-111.06941732707357,32.20971788575902
04019004118,-110.89711020771513,32.15491589317509
04013422625,-111.70123352380953,33.41331438095238
04013422626,-111.67374452173914,33.41098606521739
04013422627,-111.64686635555555,33.41107062222222
04013422628,-111.61864815315316,33.41115808108109
04013422629,-111.59557070967739,33.41151179569893
04013422630,-111.62415802459016,33.401888180327866
04013422633,-111.67864517241381,33.38641246551724
04013216839,-111.85861277966104,33.603886757062156
04013216840,-111.90816145631065,33.71324286407768
04013216841,-111.90404029197079,33.68872694890513
04013216842,-111.90620772000003,33.67806014857143
04013216844,-111.90234557512949,33.66320686010363
04013216845,-111.90411245801525,33.64165303053436
04013612700,-111.978198597015,33.758487231343295
04013612800,-111.98461147706422,33.746793330275224
04013613300,-111.9708518639999,33.721694687999985
04013613800,-112.24571150793655,33.68337861904761
04013613900,-112.23038600624993,33.68085917500001
04013614000,-112.21004680180184,33.691456288288286
04027010910,-114.39404794117644,32.71247833333333
04027011108,-114.45197141935486,32.662549387096774
04013060802,-112.31464268992247,33.6199177364341
04013060901,-112.33416824489791,33.618881040816326
04013060902,-112.3237475588235,33.61127910294118
04013060903,-112.32094941509433,33.60163307547169
04013061010,-112.35539891240872,33.49593753284671
04013061011,-112.32645837556558,33.5344325882353
04013061013,-112.32685317499995,33.5010229
04013061015,-112.32721891803276,33.4710367704918
04013061018,-112.39500971532847,33.48600818978104
04013422639,-111.69718055621301,33.39263543195266
04013104301,-112.12675255555554,33.59046366666665
04013104302,-112.12257345555554,33.59066675555556
04013106501,-112.06043285106381,33.531673
04013110801,-112.02146330188681,33.491240339622635
04013110902,-112.00011287499997,33.488434343749994
04013113502,-112.01765724324324,33.456098945945946
04013611000,-112.24298363483149,33.735701938202276
04019004628,-111.02214298473282,32.32996345801527
04019004620,-110.9797335859375,32.37228410937498
04019004437,-111.12059416245488,32.379465490974724
04019004430,-111.25567931014488,32.4328112521739
04013611100,-112.25328322377622,33.72436045454549
04013611400,-112.19606176800005,33.730323608
04013614100,-112.21795069503546,33.672935900709234
04013614200,-112.19347758883251,33.68602216243657
04013614300,-112.17011290821264,33.683895714975854
04013614400,-112.14331887654325,33.6753004197531
04013615300,-112.30216566055044,33.66195679816514
04013615600,-112.2407505520833,33.65962881249998
04013061020,-112.36803609696973,33.484192200000024
04013061021,-112.34795425287352,33.487675367816095
04013061026,-112.41624026229508,33.632356196721325
04013061027,-112.40222411764705,33.63263888235295
04013061028,-112.37837234567897,33.631005308641974
04013116800,-112.10885601492535,33.465583089552254
04013116900,-112.1239530909091,33.48804363636364
04013040514,-112.34236797999998,33.672520433333354
04013040530,-112.38458056249995,33.645670114583346
04013050701,-112.57840749333329,33.381649020000005
04023966200,-110.95765940000005,31.365184565517225
04013050702,-112.58087702777777,33.373021161111126
04013611500,-112.17454587499999,33.72530488333333
04013611600,-112.14883343636356,33.71779767272727
04013611900,-112.13190051476784,33.719895371308006
04013612000,-112.08678174549554,33.781568792792804
04013612200,-112.08237764601779,33.75037807964602
04013216850,-111.88074583333335,33.622922700000004
04013216852,-111.88505989473688,33.61639349122807
04013216853,-111.86782717886183,33.61450461788617
04013615700,-112.22906495652178,33.659836095652174
04023966402,-110.94216789808915,31.34203821019108
04023966000,-110.79041333997877,31.544357867436222
04023966101,-110.96730151470574,31.633441621323517
04023966401,-110.94860232911385,31.34928614873417
04013061032,-112.40149902564103,33.617401128205124
04013061033,-112.38657502083329,33.61687316666667
04013061035,-112.34836346153847,33.61693555769231
04013061037,-112.38301406976748,33.60218639534883
04013061038,-112.38398780392157,33.585829333333336
04013061039,-112.36003971200009,33.590505656
04013061040,-112.33578609523809,33.6011890952381
04013061041,-112.33034855172414,33.60009972413793
04013061042,-112.31620918840578,33.587913782608695
04013061024,-112.40259925153374,33.41971525766869
04013117200,-112.04357260679608,33.42461884951458
04013420503,-111.81735437837838,33.445355513513526
04013421304,-111.87272741772153,33.411549493670876
04013071516,-112.2585298508772,33.60365141228071
04013071517,-112.24977383838382,33.60005907070708
04013420107,-111.66775500621117,33.47885849689441
04013420108,-111.64313269787239,33.47531386808512
04013612900,-111.97158473599998,33.748648456
04013613200,-111.94479486577178,33.755972026845626
04013613400,-112.29836335294115,33.67778118907563
04013061044,-112.40139705466233,33.56936119292602
04013061045,-112.41149110958898,33.5240235719178
04013061046,-112.35181025179857,33.53064080575537
04013061047,-112.35040285416663,33.51696059375001
04013061402,-112.34674152173912,33.426790315217396
04013071515,-112.24878820809252,33.61977263583814
04013071701,-112.30335659740261,33.57412685714284
04013071702,-112.29472559999998,33.582883512
04013071912,-112.25513741758242,33.58633803296705
04013071913,-112.24568518421052,33.58675036842106
04013071914,-112.21625746969696,33.57335537878787
04013071915,-112.20766443548388,33.57395583870968
04013082016,-112.26384612048193,33.49570445783133
04013082019,-112.30395007272728,33.489397981818186
04013082020,-112.30660836363633,33.482840654545456
04013082021,-112.28101398275864,33.48659079310345
04013613500,-112.28442585869563,33.684946570652166
04013613700,-112.25324664285714,33.67400383928571
04013420109,-111.65665715706803,33.4592170314136
04013420111,-111.62523726126129,33.42941299099098
04013082022,-112.31751742201834,33.46704316513762
04013082023,-112.29643588095243,33.467785202380945
04013082024,-112.28310475581398,33.46925695348837
04013082025,-112.31953850588236,33.45004415294119
04013082026,-112.31295401538463,33.44153672307693
04013082027,-112.29254614705893,33.448990397058814
04013082028,-112.24602284000002,33.46943082666667
04013082208,-112.32553332317076,33.40565573780488
04013092401,-112.16405702777776,33.54654965277777
04013092402,-112.15681416393441,33.54616691803279
04013092715,-112.21155121126765,33.519618690140845
04013092716,-112.21227060273972,33.51305365753425
04013615800,-112.2133291911765,33.66161814705882
04013615900,-112.19483110843373,33.66008530120482
04013616000,-112.17714203846154,33.66209746153846
04013616200,-112.16100748958333,33.6597425
04013420112,-111.58711491964279,33.42880730357143
04013420114,-111.64729625773195,33.41854311340206
04013420216,-111.70944737500002,33.444141734374995
04013420401,-111.82601539160841,33.457171804195816
04013420504,-111.8095639350649,33.44210483116883
04013614500,-112.12351127559053,33.693207125984244
04013614900,-112.04579210483875,33.67733356451614
04003001802,-110.2733342175732,31.53718333472803
04003001801,-110.27076549572647,31.529908256410263
04003000503,-109.58479224567478,31.51928804844293
04005000700,-111.5948319232505,35.20044844920993
04005001500,-111.36580982281082,34.623301619617905
04005000100,-111.6672012361623,35.222534701107
04005000500,-111.56110718207276,35.228021044817915
04021000317,-111.56551767521364,33.38719466666666
04021002200,-110.89085401573519,32.81163068388919
04021000211,-111.54192062790693,33.15475888372094
04021001701,-112.14690580582528,33.023806999999984
04021000319,-111.5178359953916,33.34872663824885
04021000311,-111.49494162598425,33.43503060629924
04005000800,-111.61547912598444,35.20136472440945
04005001700,-112.19330844312772,35.23174463921802
04025001801,-111.83773560321717,34.82427258873997
04025001403,-112.86513370279621,34.36909929172667
04025000608,-112.31297100709226,34.625629148936184
04025001002,-112.55220913253574,34.5572525554533
04025000609,-112.30490505607465,34.61235517445484
04025001402,-112.38423616879803,34.24930122205516
04025001602,-111.73666334693101,34.49239983881175
04025001601,-111.89149250000003,34.60552996844658
04025001703,-111.73846839712233,34.76676773237408
04025002002,-111.96695820424947,34.67842923029466
04025001701,-111.92445455405401,34.70420851110036
04025000604,-112.33171764814814,34.607912819444444
04025002001,-112.02376184166675,34.74775707291667
04025002003,-111.99166165361808,34.72200837247931
04025001401,-112.15350282313732,34.21086020179767
04025002100,-112.88845874925167,35.05633851276635
04013116707,-111.98611113513515,33.354354581081076
04013116708,-111.98263420487801,33.339480556097534
04013116709,-111.97424633128833,33.35716049079754
04013116710,-112.0003299859155,33.33060641549293
04013116711,-111.9931561865671,33.327528208955215
04013116712,-111.98198318750002,33.29769284374999
04021000603,-110.90056015725808,32.524935036290316
04013082007,-112.24967954385968,33.50134761403508
04013071911,-112.22977011458329,33.576038739583346
04013082008,-112.24273801562501,33.500987890625005
04013082009,-112.24969544230768,33.487243846153845
04013092713,-112.22993396907216,33.515525505154635
04013092900,-112.17684682278478,33.531448164556956
04013104222,-112.19465224324324,33.588512459459466
04013104223,-112.19339630769228,33.60432487179485
04013104218,-112.16050578571428,33.61817233928572
04013104224,-112.17646242028981,33.60448223188407
04019004510,-110.9648558444444,32.28602601481482
04019004074,-110.79312855307258,32.09262434636872
04013104225,-112.15889245762716,33.63197686440679
04013104227,-112.16217404310343,33.58825713793104
04013104219,-112.16078746268654,33.602870477611944
04013104221,-112.17615867948719,33.58892275641024
04013104801,-112.0339946539924,33.57938488973385
04013104802,-112.02660447222222,33.589351907407405
04013104900,-112.00493682278487,33.58902237974682
04013105102,-112.02418767546163,33.54946541688654
04013115801,-112.06878252631581,33.399657710526306
04019004063,-110.75954117699119,32.14300432743362
04019004065,-110.78812347761198,32.105693753731344
04019004066,-110.77999790666668,32.09905261333332
04019004424,-111.26699290468994,32.13474465960665
04013107102,-112.14400356164381,33.51428835616438
04013107201,-112.1273157333333,33.514063600000014
04013107500,-112.07507855999997,33.5173979
04013107700,-112.03826082653066,33.518121989795915
04013107800,-112.02112795731705,33.52281045121952
04013111100,-111.9625453302326,33.48770105116279
04013111201,-111.9715279545455,33.47385077272727
04013111202,-111.97315364062494,33.457951796875
04013116713,-112.00447780327866,33.29819381967213
04013116714,-112.0257186637931,33.301233043103466
04013116715,-111.98280108536586,33.35579043902439
04013116717,-111.97743973873878,33.328210225225234
04013116718,-111.9838591203704,33.32611573148147
04013116719,-111.98886680434785,33.31284673913044
04013116720,-111.99837054487176,33.31695033333333
04013216809,-111.80419544845357,33.577137922680414
04013216810,-111.88614288372092,33.57547760465118
04017942400,-110.33929081584498,36.678994053903736
04017940100,-110.0897038001122,34.03426452330159
04017960600,-110.70425298566316,35.087509885304655
04017942300,-110.49252854555004,36.70036572985274
04017960200,-110.07450368936439,34.77445969941636
04017942500,-110.25054098723685,36.70807199361835
04017960400,-110.53472366405539,35.07046467972348
04013216822,-111.91090259907834,33.76334815207374
04019004644,-111.06104827450984,32.36827579411765
04019004645,-111.07243298000002,32.371422589999995
04019004646,-111.06683692592588,32.35206575925926
04013319300,-111.88758168181819,33.415678378787874
04013319401,-111.91854553260869,33.38476798913042
04013319402,-111.8991308021978,33.38492667032965
04013420104,-111.65442840837696,33.431247319371735
04013420105,-111.6535743881279,33.44342096803653
04013218100,-111.93352097142855,33.462931857142856
04013115400,-112.07423849557523,33.41726178761062
04013040502,-112.7392356590363,33.972758427710865
04013104202,-112.1404918115942,33.61701460869566
04007000900,-110.84640056266667,33.39879537066667
04007940400,-110.30059718231041,33.52505352346567
04013104207,-112.12580088311688,33.6334122987013
04013107300,-112.10969457333336,33.51826357333334
04013109703,-112.2163015873016,33.48785766666666
04013420901,-111.81400292405061,33.43299198734177
04013071600,-112.30347346391753,33.587851711340214
04013216806,-111.89876488888889,33.54744411111111
04013109200,-112.14087442592587,33.50249374074073
04013106900,-112.12661349180323,33.53194203278689
04013104216,-112.19359933707868,33.61756251685393
04013319907,-111.91927615217391,33.34252956521739
04013112504,-112.19452222500001,33.47708505000001
04013421601,-111.79622341071429,33.41965983928571
04013420902,-111.81413221428568,33.42665918571427
04013421101,-111.8484975944444,33.444441888888896
04013105701,-112.14709829629626,33.560835722222215
04013104000,-112.12656814516129,33.60443201612903
04013092306,-112.17731294366199,33.574781478873234
04013071802,-112.27947361165049,33.57252741747573
04013109604,-112.20989602777777,33.505453722222214
04013523104,-111.8513490779221,33.297830675324676
04013116500,-112.07267238983054,33.38510049152543
04013421602,-111.79577392307692,33.411408249999994
04013112401,-112.17527212000003,33.47715714
04013216819,-111.73678075786158,33.6160025628931
04013109802,-112.19099026153846,33.487755646153836
04013422215,-111.8672082631579,33.36101978947367
04013105103,-111.98887801060077,33.5362213745583
04013422513,-111.74401440000003,33.40119658333333
04013104203,-112.1424711904762,33.58838538095238
04013093101,-112.15806193442623,33.519271426229515
04013115700,-112.09132374576274,33.399037288135595
04013420604,-111.79699027868854,33.44496650819672
04013217002,-111.89867510526315,33.5150267631579
04013113100,-112.07347656164386,33.455861794520565
04013107202,-112.12573760377356,33.51955847169811
04013071801,-112.2735025188679,33.58869894339623
04015953200,-114.32267156494848,34.45708455876288
04013092709,-112.246642171875,33.55884440625
04013941300,-111.78333163561653,33.503281897260294
04013112100,-112.12469814754095,33.47421495081968
04013105602,-112.13039681999999,33.559725
04013216829,-111.81971164479994,33.76824460640003
04013104215,-112.19546720833333,33.631915736111104
04013082002,-112.28082305555553,33.50051200000001
04013115802,-112.07813981395347,33.40021590697674
04013421501,-111.81487279661015,33.41147930508474
04013522901,-111.83145689361702,33.327765042553175
04013113201,-112.05231425641026,33.45532897435898
04013050603,-112.93732067071807,33.19676788232045
04013111401,-112.00804105084748,33.4727783559322
04013071510,-112.21034868656716,33.60220680597015
04013092710,-112.24615546031747,33.530507206349206
04013103608,-112.1086979387755,33.63202771428571
04013218200,-111.9162048421053,33.45701001754385
04013420206,-111.71600274438214,33.48295364325842
04013421502,-111.81496684482757,33.418888775862065
04013107101,-112.14425907692313,33.51947490769231
04013071512,-112.22955811111109,33.60315264814814
04013104226,-112.14181055882355,33.63253745588233
04013112302,-112.15905930909088,33.477125454545444
04013114301,-112.09165209836061,33.44734437704918
04013216821,-111.73952048635233,33.59403193052112
04013216901,-111.91713014864867,33.532425202702704
04013318501,-111.93630739726025,33.455005712328756
04013320002,-111.96204722794118,33.36736929411763
04013421400,-111.83124859340661,33.41578179120879
04013422217,-111.84965904444442,33.36125142222223
04013422610,-111.65781459090908,33.40161218181818
04013941000,-112.16222933702873,33.28255023392459
04013941200,-111.6727471469194,33.647515744075825
04021001500,-111.7759040954198,32.873595633587776
04021001600,-111.83022992690067,32.90432757894736
04021000400,-111.10096663395898,33.28522819880549
04015951900,-114.59978495795797,35.06595319819824
04015940400,-113.61720713311158,35.782390583194655
04015952600,-114.34632727307685,34.499704040384614
04007000302,-111.53909122698653,34.180068706291415
04003000700,-109.48782136971833,31.378422950704206
04003001000,-109.92449300213677,31.52115529273503
04003001200,-110.02988755018593,31.502823415427482
04003000400,-110.03228284049388,31.780118622330924
04003000600,-109.46518282755022,31.463314272380288
04003001900,-110.27116058260869,31.48748934782608
04003002100,-110.28852109459436,31.4480321081081
04003001100,-109.84551728803005,31.394275799251893
04003000800,-109.5297113534883,31.370544297674403
04021941402,-111.95448348941476,32.77711222166875
04021002107,-111.51924119529076,32.59953154016618
04021000217,-111.44869637702254,33.23671735436894
04021001714,-111.98539557786894,33.0262272418033
04021002005,-111.54155862931026,32.830934879310334
04021001309,-111.70455910077516,32.91639013178294
04021001307,-111.77417222463765,32.90669158695651
04021000804,-111.43443809134614,33.04966674519229
04021001310,-111.73659409644675,32.964775944162426
04021000903,-111.37417873333332,33.04104488888889
04021002004,-111.53525506369425,32.75449490445861
04021000805,-111.47867235570469,33.091481825503365
04021000321,-111.5728999357798,33.4289140825688
04021001712,-111.97669144318185,33.05802588636362
04021001715,-112.06321695604393,33.069095560439564
04021941401,-112.12009085690235,32.97454120202019
04021002106,-111.67169244011139,32.67612658217271
04021000806,-111.48624246753249,33.07169659090909
04021000229,-111.5696906339286,33.148327294642854
04021000325,-111.53578159649128,33.38615977192984
04021001717,-112.02152891428572,33.06541458571429
04021000807,-111.36947908823531,33.032849088235295
04021000216,-111.51572159574464,33.239690617021274
04021001716,-112.02306762790703,33.04992595348836
04021000808,-111.22633456190474,33.02447481714284
04021000324,-111.52148440707967,33.387073646017704
04021000904,-111.38114743712578,33.04383756287423
04021000323,-111.55366901724139,33.40425168965518
04021000223,-111.60713506060605,33.19819546969698
04021000224,-111.57637714814811,33.20261005555556
04021000218,-111.55423329787234,33.227234617021274
04021001308,-111.77610524161074,32.946139174496636
04021000222,-111.60421611347516,33.18669787234043
04021000221,-111.59388377419357,33.17298408064516
04021000320,-111.57246677906971,33.41864593023254
04021000225,-111.5862993764706,33.186330505882346
04021000226,-111.56481682758618,33.17355293103447
04021002105,-111.68512401526719,32.74974896183206
04021002104,-111.66318933018873,32.74837352830189
04021000322,-111.55418636065576,33.39703691803279
04021001713,-112.00535150000002,33.05161262499999
04021000219,-111.55588769811321,33.241028330188676
04021000220,-111.55347685148513,33.237532881188116
04021000228,-111.55081169736842,33.137542973684205
04021000227,-111.5621727123287,33.14966900684934
04023966111,-110.94473356992721,31.459903075990294
04023966110,-110.91430268852454,31.454868845331397
04023966108,-111.00476876807221,31.46306508734938
04023966107,-111.01595680567682,31.456413390829695
04023966106,-111.09150980933467,31.479958507447886
04023966109,-110.83546552912901,31.470503594294307
04019004650,-111.0615969831225,32.43867407172995
04019004728,-110.77970954470422,32.42968838101784
04019004729,-110.84255728888893,32.320697011111086
04019004079,-110.81908576353275,32.29105377207976
04019004727,-110.86647280023097,32.479426498845264
04019000501,-110.9580607777778,32.22936964444446
04019004339,-111.11282300000003,32.1194304055944
04019004515,-111.0088441734693,32.26295063945577
04019004514,-111.00315859183664,32.27361411734696
04019004435,-111.11648475476841,32.18512580108997
04019004335,-110.97662381927711,31.99078296385543
04019004432,-111.02394446428575,32.21955352380952
04019002508,-111.00373160714283,32.141649029761915
04019004340,-111.15776455775568,32.12368212871287
04019004337,-111.00188917543862,31.889472324561403
04019004438,-111.12657862337664,32.37382109090908
04019004440,-111.12645990725811,32.34980480241934
04019004436,-111.14341582051283,32.38402880128204
04019004439,-111.10801486516853,32.34612134269661
04019004338,-111.01106373053896,31.88142028143711
04019004129,-110.922667712828,31.854344946064185
04019004649,-111.02163274560488,32.47235758634954
04013422656,-111.7310852627737,33.34967190510949
04013422658,-111.71261771794875,33.34295174358974
04005001104,-111.67745521276608,35.18544529787232
04005001602,-111.73497314321601,34.95355428056952
04005002102,-111.48553300543477,36.906047717391345
04005002302,-112.13536637456536,35.23169182608705
04005000902,-111.61594000412379,35.148055395876284
04005002202,-111.70599273203413,35.083519232643134
04005000302,-111.62467406542054,35.202910429906545
04005000901,-111.66653808024685,35.137744395061716
04005000601,-111.58652838988098,35.202208428571446
04005001601,-111.74673394394621,34.86754987219732
04005980000,-112.12242297493701,36.34528149896512
04005980100,-111.8485346756757,35.20429082882883
04001945100,-109.35706195582559,35.15322180066259
04001970300,-109.42048796311046,34.363072180108446
04001942700,-109.42001075173091,36.63297384011254
04001942600,-109.74412235519127,36.76508546417722
04001944100,-109.30981738474732,36.41880631212519
04025002007,-112.04215539215699,34.732991447712436
04025000407,-112.45859062871297,34.58003599009905
04025000208,-112.43841238095237,34.76273556190477
04025001103,-112.52824427876119,34.526266260176975
04025001502,-112.2759788850472,34.40102206914435
04025000211,-112.48973929443162,34.8384675682685
04025000404,-112.43810401351348,34.59141017837839
04025000902,-112.47486918957351,34.55273252606634
04025001003,-112.49342446361192,34.55603768733155
04025000406,-112.45709055217392,34.57099397826087
04025001903,-112.30611321754391,34.65910392631579
04025001902,-112.11587820733739,34.774456571444375
04025001202,-112.7770212609548,34.546980641595894
04025000613,-112.33917772799992,34.61414844533333
04025001904,-112.29850280260789,34.635379324640205
04025000611,-112.3585438974359,34.58676929487177
04025000619,-112.30183239295786,34.561896381690175
04025001705,-111.77333062406015,34.77943569172933
04025002005,-112.07395016448538,34.695114829268284
04025001604,-111.82226467293499,34.66957778979181
04025001605,-111.79706992777464,34.603745463300164
04025001501,-111.84269680104458,34.30265826345674
04025000615,-112.32789786513996,34.59554403053435
04025000617,-112.26872974766358,34.57538042640186
04025000502,-112.39380992293238,34.56944516541357
04025001106,-112.48112024449871,34.529766586797045
04025000618,-112.36091722546425,34.557846384615395
04025000701,-112.3968842428493,34.463235498878255
04025000301,-112.4673014978448,34.624217034482754
04025000702,-112.27375225803522,34.4982962562245
04025000206,-112.47729815451194,34.71210311372062
04025002006,-112.02162619666672,34.71202338
04025000804,-112.4675202524509,34.525162159313695
04025000405,-112.46302999103148,34.587433281016445
04025001004,-112.49321219725553,34.575041935677525
04025001104,-112.4954092500001,34.53238196582735
04025001105,-112.51820355451703,34.4913113308412
04025000209,-112.32297645845705,34.73227791790305
04025001803,-111.97276821671907,34.88756289521904
04025001201,-112.81549939720183,34.81881680139923
04025001804,-111.80794150729179,34.91599882812499
04025001704,-111.84757869740861,34.78924138185977
04025000207,-112.34422044498875,34.881518086414275
04025001901,-112.05460193510328,34.7639698702065
04025000501,-112.3989968929731,34.59118118594596
04025000901,-112.46128684291192,34.54726980459771
04025000614,-112.32643080141841,34.599353914893605
04025000616,-112.2953159914164,34.60648971673821
04025000302,-112.4187689738625,34.641794572120034
04025000803,-112.46201494642858,34.53950149999999
04025000612,-112.35449483739839,34.58933476422764
04025000210,-112.62170651841127,34.95377080182038
04025000205,-112.49985627138653,34.779187849557516
04025000403,-112.4777276521739,34.57337871497584
04013618300,-112.14317338636369,33.64304106818182
04013116605,-112.15929339130429,33.385504637681144
04013116606,-112.14192005333334,33.385433240000005
04013811200,-111.88398223880598,33.29665395522388
04013216851,-111.82752943376316,33.67584892731533
04013613000,-111.95867340816326,33.778563886297356
04013619100,-112.06320648484848,33.64429409090908
04013811400,-111.81592864150942,33.315199018867915
04013815700,-111.71308026881724,33.28602212903225
04013816700,-111.67689699999997,33.26058723999999
04013980100,-112.79807646652257,32.695006179265654
04013093001,-112.16183162857143,33.53292234285714
04013611300,-112.13763217835677,33.77073168737474
04013092717,-112.20975819999998,33.53394738461539
04013117100,-112.0736270694445,33.50126540972221
04013117300,-112.1147099395973,33.41923144966442
04013811800,-111.88517009433961,33.28441024528302
04013116607,-112.126475175,33.4002838
04013116610,-112.15293440999996,33.36991902999999
04013116611,-112.15045579234965,33.343573442622954
04013116612,-112.12521930270269,33.369901989189195
04013422642,-111.62655402061851,33.37161836082473
04003002001,-110.23907122935785,31.471835027522932
04015951602,-114.62516568947373,35.112248278947355
04027000907,-114.6433709069768,32.67655669767441
04013092718,-112.21091510294116,33.52767622058825
04013092720,-112.27840987741938,33.53012010967742
04013092723,-112.2957835964912,33.55691628070175
04013092724,-112.28099181944447,33.55860451388888
04013092802,-112.19380276119404,33.5278149402985
04013093002,-112.16137850724635,33.527131666666655
04013093106,-112.19365734782608,33.5127552173913
04013060904,-112.31151383928571,33.60291003571428
04013216831,-111.93133043442624,33.591357942622956
04013216832,-111.86117258407077,33.57641884070795
04013216834,-111.91513567625897,33.556323733812945
04013216835,-111.91203790789474,33.54702742763157
04013217204,-111.91085994545455,33.49866058181819
04013217502,-111.93063946938781,33.48593606122449
04013319103,-111.9189448,33.418854475
04013319104,-111.91883275000002,33.4119854375
04013319201,-111.90076410606058,33.41837365151516
04013116732,-112.1034569069767,33.353916651162805
04013811900,-111.86743309876542,33.28340882716051
04013812000,-111.84989584946233,33.28405434408601
04013812200,-111.87319089041095,33.26993910958904
04013813800,-111.81617686813188,33.211607109890096
04013814200,-111.81561621875001,33.334283109374994
04013814300,-111.79601797222222,33.32852140740741
04013422643,-111.61883966666667,33.35937824761904
04013816100,-111.70462372649575,33.26963638461536
04013816200,-111.69490805691059,33.27131639837399
04015952004,-114.58586263533843,35.01407522932331
04015951601,-114.59707203968262,35.11695902380954
04027980006,-114.60269703703702,32.64500908641976
04027000501,-114.6450190070922,32.70144185106383
04027001004,-114.6345043909464,32.677170197530856
04027001003,-114.62547415999998,32.67279087
04027011114,-114.40476276923076,32.636846846153844
04001970202,-109.38429800223938,34.72303161582492
04001970201,-109.37089216720592,34.55981043589307
04001944301,-109.66358754885933,36.33845852776585
04001944302,-109.52518126644394,36.02674070735797
04013217501,-111.93798933333333,33.488189666666656
04013061031,-112.43893818021205,33.600289777385136
04013061043,-112.33127848901093,33.568838362637344
04013083000,-112.26226954320991,33.449352981481475
04013093200,-112.21845923076924,33.56025762499999
04013319202,-111.89971108620685,33.41171051724138
04013319705,-111.9540492948718,33.39395387179488
04013319706,-111.95484782954541,33.382114238636355
04013320100,-111.94594027647061,33.444198188235305
04013420115,-111.62065820338981,33.41892637288136
04013420116,-111.59219369902914,33.41829962135922
04013420214,-111.70027052727279,33.41922343636363
04013420215,-111.72778115217392,33.441297369565234
04013420707,-111.76133189583334,33.419259083333316
04013814600,-111.74903961744968,33.32336562416107
04013817400,-111.88618243902437,33.21143579268293
04013612500,-111.9831024356436,33.78459200000001
04013618400,-112.12327853225803,33.65125338709677
04013618900,-112.07433620588233,33.64733239705881
04013816800,-111.65673844186048,33.2602943372093
04013817000,-111.65883756842109,33.24162710526315
04013817300,-111.87103598165142,33.225460055045886
04013817500,-111.86637792187499,33.2106239375
04027000502,-114.64629208839776,32.712295955801096
04027000404,-114.65879606140342,32.717685438596476
04027001001,-114.63162963984675,32.660392429118794
04027010907,-114.43094447142859,32.686401157142846
04013071514,-112.24479085937492,33.62851936979166
04013040512,-112.38945957547169,33.67618477358491
04013040513,-112.36497439751548,33.67276777018633
04013040522,-112.3709728852459,33.68914115300546
04013040523,-112.35797502298854,33.69059843103449
04013040524,-112.41923468141592,33.673971345132735
04013420708,-111.74411308333333,33.419509950000005
04013420709,-111.76276527450977,33.41176133333333
04013420710,-111.74483686000002,33.41208426
04013421001,-111.8358700185185,33.42791831481481
04013421303,-111.8694690131579,33.41813222368422
04013421701,-111.7813131538462,33.41833376923077
04013421702,-111.7811973125,33.41191626562501
04013422221,-111.87122137908496,33.3712877254902
04013216807,-111.89624074193546,33.568614400000016
04012020501,-114.00196880231279,33.668215463632976
04012020201,-114.16139697315435,34.20611311912753
04012020202,-113.99037884344588,34.209784835580535
04027000403,-114.66217922807022,32.710145526315785
04013071903,-112.21190012941175,33.58846691764707
04013071906,-112.24698544545458,33.576365563636365
04013092705,-112.2119862727273,33.54560596969696
04013092708,-112.26318723684216,33.55929282894736
04013092711,-112.23033460869566,33.54481208695652
04013092712,-112.22968539743589,33.53100756410257
04013112502,-112.19386701886792,33.469284528301884
04013610902,-112.28675808620677,33.708953370689656
04013422653,-111.58725419402973,33.39831845522388
04013422654,-111.67010491578951,33.35756945263157
04013082212,-112.2806056734694,33.41454042857144
04013040541,-112.56071328244286,33.753025815267186
04013010104,-111.68111927680317,33.73919955945417
04013816904,-111.6305812741936,33.27112424999999
04013816005,-111.74184230147061,33.2232074852941
04013422647,-111.6224679864865,33.336838621621624
04013422657,-111.71260201587302,33.35689942857143
04013816002,-111.72902590833334,33.248258383333344
04013816302,-111.71143908823531,33.25457532352941
04013815601,-111.69438006837602,33.30067662393163
04013814801,-111.70303087943263,33.330945929078
04013815202,-111.71367951666669,33.31078045
04013619602,-112.00768891549296,33.648267549295774
04013619601,-111.99949291525422,33.64675527118645
04013113701,-111.98534790909092,33.461652488636375
04013061048,-112.35241486170212,33.46867976595744
04013617002,-112.02364979047618,33.66473918095238
04013040534,-112.33263182178219,33.73689782178218
04013061051,-112.41572871153848,33.4444908846154
04013216856,-111.722956392,33.58650035600001
04013082213,-112.280840494382,33.42833715730337
04013216857,-111.72176164125561,33.6055582825112
04013107401,-112.08672781999996,33.517805579999994
04013107402,-112.09461366666665,33.51191242857142
04013040533,-112.33134951764708,33.71513471176473
04013040535,-112.35492271061362,33.80941102487563
04013114705,-112.12598935416666,33.42666764583334
04013114704,-112.12622803333332,33.433195866666665
04013216858,-111.79474098412702,33.586879555555555
04013216859,-111.79164215226331,33.592937962962964
04013216860,-111.87341948305078,33.63384721186441
04013216861,-111.85502533870957,33.62925572043011
04013422650,-111.59152201190476,33.356275749999995
04013816901,-111.59323002158277,33.23678366906476
04013817101,-111.61507809340655,33.23240826923079
04013817102,-111.62618647058827,33.24530134117648
04013816903,-111.6269563125,33.2567936875
04013107403,-112.09527503333334,33.51478423333334
04013107404,-112.09523892592594,33.520435222222225
04013615201,-111.95080337053562,33.66693423660715
04013615202,-111.96457967808222,33.68376174657534
04013614602,-112.11987241573033,33.67729848314607
04013612301,-112.07599312751678,33.70993089261746
04013817103,-111.61630461057689,33.23615491826923
04013040537,-112.30642318454936,33.768908403433464
04013216855,-111.87762155191253,33.66662030054645
04013040540,-112.49397080625006,33.693483146874975
04013050620,-112.56103258048789,33.53920685463413
04013050616,-112.60879448128343,33.42143820855614
04013050618,-112.50349688811188,33.48449880419584
04013061056,-112.45033194520546,33.49433266438357
04013061054,-112.40199407857145,33.46913730714284
04013061063,-112.3584926329114,33.45468313924049
04013061059,-112.44568967200004,33.618382464
04013061061,-112.43064962068966,33.63342931034482
04013610901,-112.24369354477615,33.70977769029851
04013050614,-112.54461881118884,33.42650846153847
04013061057,-112.43987615384617,33.45487682692307
04013061060,-112.4341522638889,33.61617975
04013061058,-112.4173544290323,33.40650925483873
04013061055,-112.3933288723404,33.49793167021276
04013061062,-112.45138042342339,33.63283589189189
04013613602,-112.26256674418605,33.68988103488371
04013613601,-112.27251356249998,33.67375369791666
04013109707,-112.20716748437499,33.4894935
04013109402,-112.17785072289152,33.506451867469885
04013615002,-111.99792663636366,33.67755839999999
04013615001,-112.00511098324017,33.690737245810055
04013617001,-112.02391903448279,33.67511989655172
04013614601,-112.12922089333333,33.67670648
04013612402,-112.0406639036335,33.75227916903634
04013612302,-112.11361244067795,33.73401713559322
04013610001,-112.11494431167256,33.93212801805055
04013612401,-112.03868673595504,33.69866522471909
04013422648,-111.5945638095238,33.33404134920635
04013216854,-111.87860045535719,33.64729033928571
04013116734,-112.07388276923078,33.359806948717946
04013112518,-112.21706338418079,33.405082971751405
04013723310,-112.4384942690763,33.33188551004016
04013319710,-111.96789074056605,33.41907691037738
04013319001,-111.93427610810818,33.417653081081085
04013112520,-112.21102473214285,33.47535092857144
04013816001,-111.72946364028783,33.265204690647465
04013112507,-112.16977574698794,33.46425078313252
04013112508,-112.21140573076924,33.456414423076914
04013112601,-112.14331984057972,33.4637688695652
04013112602,-112.1415184415584,33.45774553246754
04013112700,-112.12502914606745,33.45736487640451
04013422226,-111.87737359090906,33.38837825
04013422224,-111.86046596874999,33.389299625
04013109706,-112.20702711475414,33.4857299672131
04013113702,-111.98615069014087,33.455352295774645
04013981000,-112.0257567333333,33.45572628888889
04013050613,-112.50636497989947,33.42167162311558
04013610903,-112.27436625414364,33.74201015469615
04013040532,-112.3031851645022,33.69950715367963
04013116736,-112.07338514492756,33.37391239130434
04013061050,-112.423069028169,33.42766667605633
04013112516,-112.18649845762715,33.42960706779662
04013816003,-111.75582546031745,33.24164534920635
04013112517,-112.21156530612248,33.41572115306123
04013050617,-112.61337588888877,33.38314413082437
04013523008,-111.85184040845071,33.32935573239437
04013523007,-111.8472823389831,33.328622372881355
04013116738,-111.99736913775513,33.371724250000035
04013980900,-112.38192036363644,33.368029785123966
04013723309,-112.42762128160918,33.34137254310345
04013116616,-112.10841171014492,33.38466457971015
04013723311,-112.44362703023768,33.32967907127431
04013116617,-112.1059756271187,33.36876910169492
04013116735,-112.07402590163933,33.36721667213115
04013319708,-111.97042519444446,33.38563213888889
04013116737,-112.0418985392157,33.36771532352942
04013061052,-112.39759538571428,33.443667685714274
04013116615,-112.09117610638297,33.38866378723404
04013040536,-112.3184825786164,33.746181509433974
04013050621,-112.750418354902,33.54777450196081
04013061064,-112.3658819328358,33.470868373134344
04013061053,-112.40277491338585,33.45635292913384
04013061049,-112.40187746551727,33.4272437413793
04013050615,-112.57141862999998,33.42502355999997
04013319707,-111.96415570886076,33.38343696202531
04013319709,-111.97309615853658,33.40304353658536
04013116614,-112.09063401999998,33.38146456
04013610002,-112.19595124335751,33.936586668478284
04013050619,-112.49012894983281,33.49509480936456
04013050612,-112.50255659259261,33.448510005291006
04013422227,-111.88410245054943,33.38201414285714
04013815602,-111.71109201408456,33.29727763380282
04013816301,-111.69307828846158,33.25953144230768
04013319002,-111.93679526262633,33.41455084848484
04013812802,-111.79794742857143,33.25378108571429
04013812801,-111.78174035294116,33.25397098529412
04013815902,-111.75471417307692,33.25423178846153
04013815901,-111.766543821656,33.27308503184713
04013610301,-112.14009152941178,33.85132847058823
04013319801,-111.93439260000002,33.381647236363634
04013319802,-111.93658225641025,33.388923
04013816501,-111.69980598888885,33.22762707777776
04013816402,-111.71148427840912,33.217197994318205
04013816401,-111.70979829473673,33.2409374631579
04013112519,-112.21039196874996,33.470258062499994
04013420505,-111.8264761428571,33.44488026530612
04013420506,-111.83590778571433,33.44494189285714
04013816004,-111.73293917647055,33.210409313725485
04013815402,-111.76486827941177,33.29523636029411
04013815401,-111.74370654421764,33.28425802721087
04013815502,-111.748588359375,33.299452312499994
04013815501,-111.73311403225806,33.298530172043
04013112521,-112.19346860465114,33.46442583720931
04013422225,-111.8696584318182,33.38911213636364
04013422223,-111.86772591139241,33.38218789873418
04013112524,-112.22285299999997,33.46110358024691
04013815201,-111.69308031914892,33.315240819148926
04013109401,-112.1778532333333,33.49857743333333
04013610302,-112.12775445833336,33.85512160416669
04013610201,-112.11792723717939,33.865935108974355
04013422652,-111.59263217391303,33.376154982608696
04013522801,-111.66529437179487,33.309347698717936
04013610202,-112.10716095300245,33.85970715926892
04013040538,-112.39001775574704,33.7194006178161
04013112515,-112.19696448275863,33.414721298850566
04013112522,-112.19182452873562,33.4570036321839
04013814802,-111.70135073846151,33.32621211538461
04013816502,-111.69513043069308,33.22302051980198
04013107001,-112.14647724074074,33.53166438888888
04013522802,-111.6788923681592,33.30559834328357
04013815203,-111.7136774464286,33.317798982142854
04013107002,-112.13895246774193,33.53091782258064
04013816902,-111.5969979661017,33.253768508474565
04013113800,-111.99546539682534,33.437001050793675
04013040539,-112.562223258347,33.86581795840176
04013112523,-112.229809109375,33.47329471875002
04013010103,-111.75446292584014,33.763249166859794
04017964202,-110.5034649388595,34.387470171075854
04017940014,-110.1179403247682,35.384619363311934
04017940015,-110.24348455546574,35.34063568178141
04017940302,-109.93409863575613,33.74015971679195
04017940011,-110.2063757733587,36.202552710810764
04017940008,-110.28543506173666,36.33619255857083
04017940012,-110.55522714150385,35.92366310124338
04017940010,-110.11213065634081,35.99271779864475
04017964201,-110.58336447307283,34.40808430939811
04017963400,-109.9566670908342,34.65290763584057
04013106400,-112.03556396319019,33.53122773619631
04013112900,-112.09131934042557,33.459027680851065
04013113000,-112.07410431818181,33.461489079545466
04013113202,-112.06028525,33.45507577272727
04013113601,-112.00209442477879,33.45866807079647
04013421202,-111.86594335570469,33.42773913422821
04013319902,-111.93887728947371,33.37090973684211
04013319903,-111.917224225,33.372570762500004
04013319904,-111.90236579268296,33.37251675609755
04013319905,-111.92004255405404,33.356974351351354
04011960100,-109.34946878393811,33.37638582898498
04011960300,-109.15368671002314,32.93236379342005
04011960200,-109.35472292797928,33.034955545077736
04013106600,-112.07350944444444,33.53277158730159
04013108200,-111.98613086708863,33.50057079113925
04013111000,-111.98588806315787,33.48835825263157
04013113602,-112.00371413953485,33.454669837209295
04013113900,-112.03756230392153,33.443434215686274
04013114000,-112.05739368181823,33.44498774999998
04013114100,-112.0728890263158,33.44731194736843
04013114200,-112.07450370454545,33.44051989772726
04013114302,-112.09104922972973,33.44021214864864
04013319906,-111.90140818918917,33.35678918918919
04013319910,-111.95883126984124,33.34142526984129
04013320001,-111.96119343046354,33.356291821192045
04013319908,-111.93732666265056,33.35698797590359
04013319909,-111.90074785714286,33.34162746428572
04013320007,-111.95535141818178,33.37191426363637
04013071909,-112.26614368085106,33.57183890425533
04013071910,-112.23082313725492,33.58561390196078
04013103216,-111.96844853086422,33.63419513580247
04013103217,-111.95378905633805,33.6349938028169
04013103302,-112.00554061458332,33.61667276041667
04013103303,-112.00527718918919,33.63497762162162
04013103304,-112.01695038888892,33.63342977777777
04013103305,-112.02427391666667,33.63546026666666
04013103306,-112.02351972972974,33.6302546891892
04013103400,-112.00580335849051,33.60716669811322
04013108400,-112.02172553333335,33.503102106666645
04013108601,-112.0579406412214,33.49918483206106
04013108602,-112.05698277304967,33.501043148936155
04013108802,-112.0721345630252,33.50448212605042
04013108901,-112.09018090967746,33.5003292967742
04013111501,-112.02452571428574,33.46886842857143
04013111502,-112.02151678873237,33.474060535211265
04013111601,-112.03543092307694,33.47359902197801
04013111602,-112.04126525252526,33.47285193939393
04013111700,-112.05600847761197,33.47237940298507
04013114401,-112.11256064814813,33.445500055555556
04013114402,-112.10369903225805,33.44432941935482
04013114500,-112.1268332948718,33.443662820512834
04013114600,-112.14419692682922,33.44422875609756
04013114800,-112.0913802477876,33.42345091150441
04013114900,-112.07413172000001,33.42659309333333
04013217300,-111.93470493150689,33.50194872602741
04013217400,-111.94998646913588,33.482527981481475
04013103502,-112.02508680000001,33.609304824242415
04013103604,-112.08359187969927,33.63316990225564
04013103501,-112.02159798373981,33.61873495934958
04013103605,-112.08315678651687,33.61653451685393
04013103606,-112.04053414736845,33.632972052631594
04013103607,-112.04306073717947,33.61782195512821
04013108902,-112.09123479054051,33.502273743243244
04021000215,-111.61697667639247,33.17003593633951
04021000316,-111.46407171727748,33.37935492931934
04021000802,-111.15872549397167,32.799762029968974
04021000307,-111.53670217261904,33.4490172857143
04021000604,-110.83976772991272,32.54872935527592
04021002001,-111.6236481443038,32.831199088607605
04021001303,-111.6890934972825,32.94959858423911
04021002300,-111.10268468957148,33.17139892926437
04021941300,-112.02207776858805,33.16720931411861
04021002400,-110.60941375109181,32.872397192475674
04021000204,-111.56923075342459,33.29032788493151
04013109300,-112.16169085915492,33.503231169014086
04013109500,-112.19398704950497,33.50295789108912
04013109601,-112.23238859999996,33.50321815000001
04013109602,-112.21394437037041,33.50026703703703
04013109603,-112.22554929411768,33.50236012941175
04013115200,-111.99759240157489,33.416458724409445
04013115300,-112.04689043382352,33.415164647058816
04013115500,-112.14097060256411,33.39962585897436
04013115600,-112.10664692452828,33.39933137735849
04013115900,-112.05498414754099,33.398124885245906
04013116000,-112.0374979866667,33.39926447999999
04013116100,-112.02010708219179,33.39796497260274
04013116202,-111.98713120481929,33.3877756746988
04013217600,-111.91627829999997,33.486628571428575
04013217800,-111.90208051666667,33.472995
04013217900,-111.91583107142857,33.47457875
04013218000,-111.93818756666666,33.471776266666666
04013218300,-111.90416750000003,33.45825487037037
04019002603,-110.96869002272727,32.26587573863637
04019004642,-110.9567140385542,32.43838491566264
04019004726,-110.94685571693121,32.304844984127
04019005200,-112.88620083248735,32.166442779187754
04019004330,-111.00283544696968,31.85704958712122
04019004324,-111.0124815829788,31.800433144680856
04019004425,-111.45495555639576,32.38221414870822
04019004062,-110.73352398891974,32.07358842659279
04019004114,-110.91012566328595,32.01450467342801
04019004327,-111.04769533976838,31.936911189189196
04019004423,-111.17808704903234,32.32215719999999
04019004431,-111.1876526716418,32.404335367164165
04019004641,-110.98230602272727,32.43209902651517
04013103611,-112.05565448299316,33.62393185714286
04013103612,-112.08015306617646,33.63040767647059
04013103614,-112.08699340566038,33.60680529245283
04013103615,-112.08024079347827,33.59157410326085
04013103900,-112.1057010238095,33.60374721428572
04013103609,-112.10630336764703,33.61704919117647
04013104100,-112.12688957575757,33.61742159090909
04013093105,-112.19420852380951,33.52036807936509
04013040516,-112.73376029149047,33.71952200141047
04013050609,-112.5301855219638,33.45403463565892
04013061401,-112.34800043478262,33.43362180434782
04013040528,-112.39967823174605,33.65489708571429
04013050604,-112.75924714840644,33.32711099800795
04013061014,-112.32583054098359,33.488201065573776
04013061029,-112.34921916176471,33.63181420588234
04013061036,-112.40322128301888,33.586855037735845
04013082017,-112.2627373835617,33.46952583561644
04013082205,-112.24526614492757,33.429553057971
04013104401,-112.10846486440681,33.58937561016949
04013105503,-112.10512018461544,33.557581476923076
04013109702,-112.2327709310345,33.48600533333334
04013109801,-112.1984327457627,33.48807261016948
04013109704,-112.22427321052629,33.491613157894726
04013109705,-112.22544590697673,33.4835440232558
04013109900,-112.17698943373492,33.48735665060239
04013106801,-112.11413679999995,33.53153475999999
04013109101,-112.12544914285711,33.50568767857143
04013216836,-111.8603308,33.59088582222222
04013420213,-111.726838372549,33.41960670588235
04013421002,-111.82655229824559,33.42785829824562
04013010102,-111.47664956350698,33.7664222939087
04013030402,-111.95463967004346,33.84386993053547
04013106001,-112.11447426086954,33.5449265
04013108302,-112.00394358333334,33.49999888333333
04013040515,-112.78516826559665,33.81725454177308
04013420110,-111.6098148615385,33.44907616615382
04013082018,-112.24641156666668,33.474287616666665
04013616500,-112.10706093442623,33.663116
04013618000,-112.17905248214284,33.646348232142856
04013618700,-112.09172017021278,33.650757212765946
04013810200,-111.90089125641022,33.325021487179484
04013810700,-111.90201834000001,33.31244788
04013116730,-112.12083801666662,33.297405433333324
04013116733,-112.06164101670639,33.345475207637236
04013817200,-111.63914204330712,33.215575992126
04013616300,-112.14425482608695,33.66264430434781
04013723306,-112.53961630844358,33.09302436990233
04013817600,-111.63129284047612,33.31190943809521
04013723305,-112.91829592571406,33.00128712163271
04013610100,-112.10997882874605,33.8966594571865
04013610500,-112.09116977258071,33.84285503225804
04013610600,-112.10837371617154,33.81093477887787
04013216843,-111.8254639674501,33.70888102712476
04013610800,-112.24659564036696,33.77543138165136
04013216849,-111.81391732942896,33.624313620790645
04013111900,-112.09118594520547,33.473121821917815
04013613100,-111.94170238489218,33.787563719424455
04013420113,-111.67743687037036,33.41880968518518
04013617100,-112.00646239393939,33.66625624242425
04013723304,-112.43600273951837,33.22674678233723
04013723307,-112.43740811528149,33.36348323056299
04013813600,-111.77499057425742,33.22509661386139
04013422634,-111.65672045348835,33.38666210465117
04013815800,-111.69596974747478,33.28422117171718
04013816600,-111.68036229113928,33.27591541772152
04013522903,-111.83618134693879,33.312195510204084
04013614700,-112.08369031249993,33.68613957352942
04013614800,-112.08750191666665,33.671489722222226
04013615400,-112.28171159259257,33.660198333333334
04013111800,-112.07461939393941,33.4727425
04013112201,-112.14106386666667,33.47387220000001
04013112202,-112.14795149999998,33.47281893939394
04013116203,-112.01394486259541,33.38952525954199
04013116204,-111.98624561818183,33.39751974545456
04013116205,-111.98733642465751,33.38234939726027
04013116300,-112.03760564102565,33.38643585897437
04013116400,-112.05510264788735,33.386127619718316
04013116703,-112.05673150387601,33.36576574418606
04013318400,-111.90630053125005,33.43293540624999
04013318700,-111.93582130120478,33.430332650602395
04013104204,-112.16042971223017,33.59007802158272
04013104205,-112.13896328820957,33.5767247772926
04013104206,-112.14507006153846,33.576590507692345
04013104212,-112.14172971428573,33.6047818
04013104214,-112.177715,33.631713323076916
04013104217,-112.17744375999995,33.618395013333355
04021000309,-111.55327529341317,33.42438183233533
04021001704,-112.05783978787875,33.05075644444445
04021001707,-112.04116138383837,33.05145276767677
04021001706,-112.04067384507046,33.064299211267596
04013116619,-112.18095839444446,33.35818869444444
04012020602,-114.47819303642392,33.4596370206954
04012940200,-114.29199502941172,34.149365343137234
04012940300,-114.41719219111108,33.9613318233333
04013610400,-112.11133749689444,33.84788707453417
04009940500,-109.87423072436657,33.43924714805525
04009961300,-109.71436921556882,32.832082209580854
04009961700,-109.62827954590259,32.890892831176814
04009961600,-109.97963104471134,32.70962225822339
04009961100,-109.88273003727238,32.802049979034116
04009961500,-109.55495480072148,32.70445360054105
04009961400,-109.71953617857143,32.813270007142854
04015953100,-114.32890119666672,34.471565600000005
04013093104,-112.17112356481475,33.514197222222215
04013103205,-111.97041811392405,33.60323410126582
04013103206,-111.95240922727268,33.6036246060606
04013104501,-112.08978475000004,33.570739716666665
04013104502,-112.08677371551725,33.57782789655173
04013105002,-111.95049208387103,33.52006457419355
04013107900,-111.97328259670783,33.514021213991775
04013108000,-111.95995356451616,33.49518603763441
04013116721,-112.01415550990096,33.309787757425745
04013116725,-112.04591764516127,33.298649677419355
04013116727,-112.07596542452828,33.301948259433956
04013116728,-112.05939486574074,33.309021476851846
04013420202,-111.69344081914892,33.43027792553192
04013420207,-111.69606857264961,33.48989861538462
04013420208,-111.72727614864866,33.43007620270269
04013420209,-111.70926797530868,33.42982883950616
04003000101,-109.34275037247293,32.05504549698927
04003000102,-109.48113109757517,32.06031971045032
04003000305,-110.16570407053675,31.951705426342038
04003000501,-109.43429962425955,31.759269927926752
04003000304,-110.31112548382123,31.88022594761168
04003001301,-110.22674447038916,31.71272529018608
04003000502,-109.73953838297862,31.47625620638299
04003001302,-110.37075480327879,31.652710128805612
04013040506,-112.34182880444433,33.65986502222225
04013040507,-112.36084043055551,33.65771841203704
04013082010,-112.24197282608696,33.48780852173914
04013103207,-111.93628222222218,33.60354333333333
04013103208,-111.98614270400002,33.59238595199999
04013103209,-111.96462327096766,33.5887115548387
04013116729,-112.02641352702693,33.31173886486488
04013318800,-111.95383812121214,33.43004373737375
04013319101,-111.92185281355931,33.41752252542374
04013318900,-111.95295070967744,33.415511241935484
04013319403,-111.9001048709677,33.40051977419354
04019004081,-110.73087830818622,32.12755134349916
04019000502,-110.95153451807225,32.231185831325305
04019004080,-110.82176810027866,32.278816261838415
04019004648,-111.13119810606067,32.47280846401514
04019004078,-110.8066471111111,32.2000724513889
04019004076,-110.83414385561497,32.199632491978626
04019004126,-110.75545668018009,31.941084477477467
04019003601,-110.8737200555556,32.182764888888904
04019003202,-110.90549085585582,32.2317838108108
04019003104,-110.9108679468085,32.23951064893616
04019000401,-110.96655383088235,32.23366119117647
04019941100,-112.12716314044276,32.215532155594325
04019980100,-110.86092232000001,32.08615527999999
04013319404,-111.88690470512825,33.39381530769231
04013319500,-111.916896779661,33.39893633898304
04013420210,-111.69237654430383,33.44450899999998
04013420211,-111.69111987804884,33.471774231707315
04019000402,-110.96581601234568,32.226614987654315
04019004132,-110.83781513245034,32.09301111258278
04019004127,-110.78930904260775,31.874836691991792
04019004075,-110.82557641911764,32.19957443382354
04019004077,-110.79614757058822,32.19889382352941
04019004434,-111.15391683500721,32.20468041319945
04019980300,-110.85894568502586,32.16099318416525
04019003506,-110.90061073584906,32.20097383018867
04019003505,-110.89085795187164,32.203798010695216
04019004730,-110.862852522449,32.319836665306106
04019004336,-110.97759080000004,31.975545870588217
04019004128,-110.97543230376344,31.874790927419323
04019003103,-110.89948199999986,32.23721686086956
04019003201,-110.89513781502887,32.22835028323702
04019004082,-110.70361231055898,32.06315085714284
04019004130,-110.94875290909093,31.886404673796815
04019004133,-110.83286766666667,32.0948752
04019004131,-110.9127648903394,32.09592073629246
04019980200,-110.86227173913048,32.06456330434783
04019004433,-111.04503814486918,32.24752946076459
04019002507,-111.00335549707603,32.13421685380118
04013420212,-111.69282444943822,33.45891089887641
04013420301,-111.79466641463415,33.45842010569105
04013420302,-111.78178931159421,33.460460586956515
04013420303,-111.76315241818186,33.4579886909091
04013420304,-111.74478424137928,33.47511854597702
04027011116,-114.46845130434785,32.66392294202898
04027011506,-114.70701980701752,32.5895088245614
04027011505,-114.72350218378378,32.57532960270272
04027011408,-114.74484351131217,32.5134084479638
04027011601,-114.79969430706522,32.514242239130446
04027000910,-114.66367553488368,32.69104202325581
04027010915,-114.45733850943397,32.67821267924529
04027010916,-114.4566615763889,32.687254715277774
04027011122,-114.41411371830984,32.66228232394365
04027011120,-114.53596278160917,32.670145
04027011124,-114.39522061904763,32.634481857142866
04027011407,-114.74485974999996,32.4843491
04027011123,-114.44460638509324,32.643140105590035
04027011203,-114.12363598347112,32.67639395867768
04027011801,-114.645068340708,32.55598917477874
04027011125,-114.36573529090913,32.64899114999999
04027011121,-114.52402311020403,32.65030138775509
04027000909,-114.67624886666671,32.6926437
04027011802,-114.64474969753088,32.595985944444436
04027011204,-114.2306020239726,32.703673392123314
04027011119,-114.42730389830507,32.661869661016944
04027011118,-114.44002283823528,32.66230948529412
04027011117,-114.48154171739128,32.66294235869565
04027011602,-114.7529535717256,32.51969406444906
04013103210,-111.9873173516483,33.60322467032967
04013103211,-111.9868726964286,33.618799803571434
04013103212,-111.96929437288135,33.61877730508474
04013103214,-111.95148514035088,33.61837208771929
04013103215,-111.98427321428574,33.63494252857142
04013105101,-111.99659538349513,33.57277295145631
04013105200,-112.0490862406418,33.56091883957221
04013105300,-112.07317811627905,33.560380453488364
04013108100,-111.98308781081082,33.50332031081082
04013110001,-112.16092391999999,33.486692133333335
04013112301,-112.16072150000001,33.46983345652174
04013112402,-112.17764855172412,33.469455827586195
04013061100,-112.36616493296086,33.53518332960895
04013061200,-112.34262760000004,33.44587196923077
04013061300,-112.35777800934584,33.43690861682242
04013071503,-112.28015987570623,33.613246694915254
04013104600,-112.07530843307082,33.57468429921261
04019002202,-110.95050854950503,32.193758643564365
04019004723,-110.83353646122457,32.29582494693877
04019001303,-110.9824635957447,32.25477706382977
04019004069,-110.819226546875,32.21370140625
04019004070,-110.81101732061069,32.21234282442748
04019001304,-110.97042957608696,32.25551849999999
04013216813,-111.91082557317077,33.56697472560976
04013216816,-111.90383362573094,33.609887543859664
04013216826,-111.88346091954025,33.59034536781609
04013216902,-111.89887612500002,33.5318963392857
04013217001,-111.92006531428576,33.51407351428571
04013217101,-111.9057359213483,33.50154558426966
04019004122,-110.93761735915496,32.14131766197182
04013071504,-112.28314935294118,33.624992130718944
04019004072,-110.81200429771,32.22832744274809
04019004071,-110.81830037410074,32.228700834532376
04013071505,-112.29806676799996,33.62503748400001
04012020101,-113.7255806799901,34.1082470727621
04012020503,-114.13269163799617,33.841189859168225
04012020102,-113.65369315968982,33.5868244341085
04013111203,-111.97326899999997,33.453281947368424
04013111204,-111.95424907650279,33.4590899180328
04013111300,-111.98566617204304,33.471795150537645
04013111402,-112.00021894444447,33.4733410925926
04013980700,-111.73550507971015,33.69046802173914
04013217102,-111.89640559090905,33.50279178787879
04013217201,-111.92712052272728,33.49506270454545
04019001801,-110.92120553594775,32.24913873202615
04019001802,-110.9212053137255,32.23780537254902
04019002703,-110.94992254838714,32.265087720430095
04019002905,-110.90280868181821,32.264535551136355
04025001300,-113.0748219126322,34.55812662424351
04025000802,-112.43108902362202,34.534688601574814
04019004720,-110.86510696566528,32.29850281974248
04019004724,-110.88420895327101,32.289037317757
04019941000,-111.07850304268291,32.117719902439035
04019004619,-110.9821618612716,32.384811341040454
04019004715,-110.89657424668434,32.49930318037134
04019004039,-110.82835034453781,32.229500655462196
04019004052,-110.65210481854594,32.37089833351158
04019004026,-110.76554339527016,32.196806317567564
04019004033,-110.84953813402065,32.18840709278349
04019004061,-110.59239602093825,32.23139436874752
04019004109,-110.67732428982303,31.91889412536872
04019004311,-111.04657283928573,32.14723633214285
04019004328,-111.03912525378794,31.842681109848495
04019004633,-110.98351470125779,32.39301028301887
04019004639,-111.0992833617512,32.40144207834099
04019004713,-110.95006955855857,32.3462437897898
04019004721,-110.85932382248534,32.2809491183432
04019940800,-111.73403303297174,31.97848601865511
04019940900,-111.08488860886315,32.07002439306359
04019000100,-110.97101465034964,32.2204824055944
04019000200,-110.98780635377359,32.22453769811321
04021941200,-111.71797483780155,33.09715400268092
04021001100,-111.54841857093423,32.97948500692041
04021000201,-111.21192635155215,33.32717564035091
04021000700,-110.64215969230763,32.61587130364372
04021001200,-111.55284752202452,32.89941516213683
04021001900,-111.64909889694663,32.78064126145039
04021001000,-111.50094753639841,32.98278808045979
04007000200,-111.12943743837023,34.32227728916915
04007001200,-110.83099741977136,33.31696507401888
04007000100,-111.51679897502494,34.36154104545458
04007000500,-111.19398894560248,34.200922812433795
04007000800,-110.89659497889691,33.41468340540539
04007000600,-111.07035300639149,34.10173582594514
04007000700,-111.13837929280557,33.87097002245306
04007000400,-111.24528936466756,34.30250689059967
04007001000,-110.78710416690295,33.578479387313976
04007001300,-110.8254899931972,33.178511508843556
04007001100,-110.77917138305486,33.408589231503534
04007940200,-110.29050490490557,33.73252669681464
04007000301,-111.34047159666663,34.241588160000006
04009961202,-109.81334433748067,32.79012981648525
04013116621,-112.18146108108108,33.38364314864864
04013116620,-112.20708337931039,33.3845668045977
04013116618,-112.19953401242233,33.36412369565217
04013113301,-112.03867009638554,33.457897445783146
04013113204,-112.048928488,33.46290320000001
04013113503,-112.02556768807337,33.46251642201834
04013422659,-111.64025773770491,33.390152065573766
04013422660,-111.62558956060607,33.38929377272726
04015953602,-114.04418642396323,35.179990031105994
04015950401,-114.2080596733388,35.53047773098479
04015952001,-114.57689904214554,35.051510950191556
04015952003,-114.55250473963527,35.04185793864017
04015940501,-114.597826202505,34.973836922755744
04015951401,-114.53333175661382,35.17493889682536
04015950705,-114.00260334408595,35.24670974910395
04015951501,-114.58373580065356,35.112526784313744
04015953800,-114.03757098620692,35.205775020689636
04013420602,-111.77969855072465,33.43039744927536
04013420603,-111.77893168055556,33.445499763888876
04001970502,-109.53197391548362,33.74924155152469
04001970501,-109.28882734536079,34.119138475945014
04001944202,-109.45691893678001,36.14201549983529
04001944902,-109.63883922351437,35.56429805598615
04001945002,-109.22854569939977,35.394135633361806
04001944901,-109.38689898866224,35.613162252996375
04001945001,-109.12552331088438,35.71818350204082
04001944201,-109.68143523062572,36.193606512605065
04013421201,-111.86979980861251,33.432651167464115
04013420704,-111.76168136904768,33.43062986904762
04013420705,-111.75480246464645,33.443306030303035
04013420706,-111.7449220224719,33.430333505617966
04013420800,-111.79656317721519,33.428794721519
04013422609,-111.67761297029698,33.40088113861387
04013422307,-111.82744781451609,33.36525667741935
04013422308,-111.79620837349401,33.37275762650603
04013422309,-111.81617357777779,33.356493155555555
04013422401,-111.79714824193553,33.35636990322581
04013422402,-111.7807226144578,33.35635030120482
04013422403,-111.79592526595742,33.34153454255319
04013422304,-111.83452534920637,33.34536325396824
04013422305,-111.81542849999998,33.33956472619048
04013422404,-111.78291463302753,33.34231816513759
04013422503,-111.78119574242426,33.386730848484845
04013422504,-111.76143420000001,33.38693823529413
04013422506,-111.76365866412215,33.372598809160316
04013422507,-111.74947086915887,33.37166642990654
04013422508,-111.7802203137255,33.3721469509804
04013422509,-111.76496882558136,33.35767841860465
04013422510,-111.74654551578948,33.35759721052633
04013422511,-111.76479296202533,33.34312088607594
04013422512,-111.74567865934065,33.341916010989
04013422514,-111.74414843157896,33.38589236842107
04023966302,-110.92065138260865,31.353763149999992
04023966301,-110.91076440173643,31.382332277821618
04023966103,-110.94170100526304,31.405750919298246
04013940700,-112.33950929181493,32.57978694661921
04013422607,-111.7266255102041,33.39979198979592
04013422001,-111.83292116883115,33.40363990909092
04013422002,-111.83181102666667,33.39748913333333
04013422615,-111.60809682978712,33.39123108510636
04013422617,-111.67615075555558,33.37364017777779
04013422618,-111.66452028571429,33.37367837662338
04013523002,-111.85129143859646,33.31297892982456
04013523005,-111.86838448076921,33.32790403846155
04005001301,-111.53328131406555,35.274600188824664
04005001302,-111.41740269456571,35.302704078076204
04005945100,-111.14443254990192,35.903022557077556
04005942201,-111.25036771058629,36.522065028560505
04005942202,-111.13331287638532,36.73863554560956
04005001101,-111.6811664750958,35.17132524137932
04005945000,-111.53673117008383,36.33519457432439
04005945200,-111.25497118076919,36.129244040384656
04005944900,-111.19434132195096,36.099756516376324
04019004068,-110.84424684999999,32.22771857857141
04012020505,-114.20546710287537,33.59135801086264
04012020504,-114.25754385536158,33.771347044887804
04015952701,-114.32965058934164,34.5046726645768
04015951702,-114.63641072839505,35.102874728395044
04015951701,-114.61923800903617,35.10379297289158
04019004333,-111.08479664242427,32.15135393333334
04019004511,-110.9655843892617,32.279636147651
04019004725,-110.96903828389824,32.30680933898305
04015953901,-114.02915210857145,35.22887174285715
04015955001,-114.5853568327526,34.88097326480837
04015953405,-114.24458076450112,34.483540242459384
04015952007,-114.54996834316351,34.99178596514746
04015950707,-113.96587946784919,35.299240013303766
04015952006,-114.58816149044591,34.99452944585987
04015952801,-114.27173370286573,34.505888245852205
04015951403,-114.45294000480773,35.12108179326916
04015953002,-114.31653796350362,34.49220164720193
04015952802,-114.29946669264072,34.50855517099568
04015953301,-114.27860825227972,34.48768864133738
04015952902,-114.29906628253971,34.48347827936509
04015953001,-114.33772375655424,34.48447597378276
04015952901,-114.31713002922076,34.47746431818185
04015953302,-114.27865445021628,34.47690424242423
04015953403,-114.29974170212773,34.46702648510638
04015953404,-114.29799377230233,34.44445455564997
04015951504,-114.5510389324326,35.08050933783785
04015951503,-114.57573953719023,35.07912506887054
04015952502,-114.34682605194806,34.51815183376623
04015952501,-114.30527442663649,34.529640410835206
04015952702,-114.31118025954207,34.51059117048345
04015950404,-113.95713711979695,35.74972219695431
04015950403,-114.33279610181847,35.85609154545457
04015950101,-113.03195549316183,36.446014875569844
04015954801,-113.79014237638314,35.03986885174003
04015953603,-114.01344287280713,35.19079351754383
04015950102,-112.98044656441725,36.989699208588966
04015950708,-113.98414279590044,35.37040088057035
04015953604,-113.9837499843049,35.197795753363216
04015954802,-113.9493013975473,34.71065247068961
04015953902,-113.97621686592187,35.24069439478583
04015950103,-112.74994075715514,36.91901024761491
04015952005,-114.48878157679754,34.82410038071899
04015953406,-114.14755844441002,34.42798837070587
04015950602,-114.16901549932693,35.19278127052492
04015955002,-114.5387117105264,34.8157840166205
04015950601,-114.26761278730375,35.262844678010495
04015950603,-114.19073198018026,35.2311368792793
04015951404,-114.56284437659576,35.156454682978726
04019003003,-110.8673689679487,32.24660557692306
04019003707,-110.9505167079646,32.151899955752214
04019004067,-110.84955257999997,32.240733609999985
04019003303,-110.86536141558445,32.22036335064935
04019003706,-110.95191632456141,32.15993978947369
04019004426,-111.09714799521532,32.35175514354068
