0,1,2,3,4
0,40130610582056,4,7,343.0
1,40130610582055,4,7,343.0
3,40130506142035,4,7,343.0
4,40130506142033,4,7,343.0
5,40131042022005,9,8,343.0
6,40131056012017,8,9,343.0
7,40134202131065,6,3,343.0
8,40134202131000,6,3,343.0
9,40130610411000,4,9,343.0
10,40134209012015,3,6,343.0
11,40134201081042,5,3,343.0
12,40133199033009,3,6,343.0
13,40134226404039,3,6,343.0
14,40059451002075,5,7,343.0
15,40059451002074,5,7,343.0
16,40059451002076,5,7,343.0
17,40131051012016,8,3,343.0
18,40131051012017,8,3,343.0
19,40131051012030,8,3,343.0
20,40131051012019,8,3,343.0
21,40131051012015,8,3,343.0
22,40138128012013,6,1,343.0
23,40138128012017,6,1,343.0
24,40050013023115,7,5,343.0
25,40059451002098,5,7,343.0
26,40050013023113,7,5,343.0
27,40050013023114,7,5,343.0
28,40050013023116,7,5,343.0
29,40059451002107,5,7,343.0
30,40131166161013,8,9,343.0
32,40132168301011,3,8,343.0
33,40132168301010,3,8,343.0
34,40131051033037,8,3,343.0
35,40130405272042,4,7,343.0
36,40130405271012,7,4,343.0
37,40130405272033,4,7,343.0
38,40131112014009,8,3,343.0
39,40136108002049,7,9,343.0
40,40136144003003,9,8,343.0
41,40136144003002,9,8,343.0
42,40136144003000,9,8,343.0
43,40210021071005,2,1,343.0
44,40131166204001,7,4,343.0
45,40130405395000,4,9,343.0
46,40131086022004,8,9,343.0
47,40136100022069,8,7,343.0
48,40136100022068,8,7,343.0
49,40138130001036,1,2,343.0
50,40131042054006,9,8,343.0
51,40134210021001,6,3,343.0
57,40136143001015,8,9,343.0
58,40138131001001,1,6,343.0
59,40131129004001,8,9,343.0
60,40131129004002,8,9,343.0
61,40138104003001,6,7,343.0
63,40131167271000,7,8,343.0
64,40136107002038,5,8,343.0
65,40130506132055,4,7,343.0
66,40210020013002,2,1,343.0
67,40210003112036,1,3,343.0
68,40138104001000,6,7,343.0
69,40190020002003,5,1,343.0
75,40190041181075,5,2,343.0
76,40190018012000,1,5,343.0
78,40210020041004,2,1,343.0
79,40131167111000,6,7,343.0
80,40131044012004,8,9,343.0
81,40133197071004,3,7,343.0
82,40131167103010,7,6,343.0
83,40131129004008,8,9,343.0
84,40138104002000,6,7,343.0
85,40130610421000,4,9,343.0
86,40130927111019,9,4,343.0
87,40130405383043,4,7,343.0
88,40136143001007,8,9,343.0
89,40133199041028,3,6,343.0
90,40130405351000,9,7,343.0
91,40130506142025,4,7,343.0
92,40210008021203,1,2,343.0
93,40210008021202,1,2,343.0
94,40210019001113,2,1,343.0
95,40050013021058,7,5,343.0
97,40250016053054,5,7,343.0
98,40190040732008,2,5,343.0
99,40190022021018,1,5,343.0
103,40134202082022,3,6,343.0
104,40059451002037,5,7,343.0
105,40130405272024,4,7,343.0
106,40130506131031,4,7,343.0
107,40059451001084,7,5,343.0
108,40131095001024,9,4,343.0
109,40130610591017,4,7,343.0
110,40134201071015,5,3,343.0
111,40134201071024,5,3,343.0
112,40131167132011,7,6,343.0
114,40138104001015,6,7,343.0
115,40130506042116,7,2,343.0
116,40130506042113,7,2,335.0
117,40130101043011,3,5,335.0
118,40131138006002,3,8,335.0
119,40199804001000,1,2,335.0
121,40190046181000,1,5,335.0
122,40190046172005,1,5,335.0
123,40190046183000,1,5,335.0
124,40190054001011,1,2,335.0
125,40190046141016,1,5,335.0
126,40131112012002,8,3,335.0
127,40134205042019,3,6,335.0
128,40050015001008,5,7,335.0
129,40050015001000,5,7,335.0
130,40131166112082,8,7,335.0
131,40131166112079,8,7,335.0
132,40131166112080,8,7,335.0
133,40133197071009,3,8,335.0
134,40133197081003,3,8,335.0
135,40133197071008,3,8,335.0
136,40131166161021,8,9,335.0
137,40131084004013,3,8,335.0
138,40131138007000,3,8,335.0
139,40210020013000,2,1,335.0
140,40131167152001,7,8,335.0
141,40131167152000,7,8,335.0
142,40131167152003,7,8,335.0
143,40131130002024,9,8,335.0
144,40131130002025,9,8,335.0
145,40131130002028,9,8,335.0
146,40210022001091,1,5,335.0
147,40133200074024,3,7,335.0
148,40138159023000,1,6,335.0
149,40131095003003,9,4,335.0
150,40134226253004,6,3,335.0
151,40134202144034,3,6,335.0
152,40134226253003,6,3,335.0
153,40130405391037,7,4,335.0
154,40130405391038,7,4,335.0
156,40250014011000,5,7,335.0
157,40250014011002,5,7,335.0
158,40250014011001,5,7,335.0
159,40250014022062,7,5,335.0
160,40250014022063,7,5,335.0
161,40250014022083,7,5,335.0
168,40190040622025,2,5,335.0
171,40190040731002,5,2,328.0
178,40159548024518,7,2,328.0
179,40159548024517,7,2,328.0
180,40159548024519,7,2,328.0
182,40136182002014,9,8,328.0
183,40136182002015,9,8,328.0
184,40136183001004,8,9,328.0
185,40136181001000,9,8,328.0
186,40139413002037,3,5,328.0
188,40131032093010,8,3,328.0
189,40131032093011,8,3,328.0
190,40131032091000,8,3,328.0
192,40131144021008,9,8,328.0
193,40138100001038,7,6,328.0
194,40130609042000,4,9,328.0
195,40138174001028,6,2,328.0
197,40134226322020,3,6,328.0
198,40131130002026,9,8,328.0
199,40131166121041,8,4,328.0
200,40210024003039,5,1,328.0
202,40131056012013,8,9,328.0
204,40134226261025,3,6,328.0
207,40131166112078,8,7,328.0
208,40130405141000,4,9,328.0
209,40130405063009,4,9,328.0
210,40130405063010,4,9,328.0
211,40130405251027,7,4,328.0
212,40131166121032,8,4,328.0
213,40131166121031,8,4,328.0
214,40131166121033,8,4,328.0
215,40130610612017,4,7,328.0
216,40134202142023,3,6,328.0
217,40133200021010,7,8,328.0
218,40136107004000,8,5,328.0
220,40138148011035,6,1,328.0
221,40138148022000,6,1,328.0
222,40138175001004,2,6,328.0
225,40130506193047,4,7,328.0
226,40130405391024,7,4,328.0
227,40130405391036,7,4,328.0
228,40131173002001,8,9,328.0
229,40131173002002,8,9,328.0
230,40131173002003,8,9,328.0
231,40219413001023,2,7,328.0
232,40134226321006,6,3,328.0
233,40130304011057,5,8,328.0
234,40131130002027,9,8,328.0
235,40130608014031,4,9,328.0
236,40133199041032,3,6,328.0
238,40131084005000,8,3,328.0
239,40190038011029,5,2,328.0
241,40190046183012,1,5,328.0
242,40190046183013,1,5,328.0
243,40190046183014,1,5,328.0
244,40190011001004,2,1,328.0
245,40190003002045,2,1,328.0
246,40130405251028,7,4,328.0
247,40131173001023,9,4,328.0
248,40050015003072,5,7,328.0
249,40130931061021,9,4,311.0
250,40130931061005,9,4,311.0
251,40130405392041,7,4,311.0
252,40130405392042,7,4,311.0
253,40130405392003,7,4,311.0
254,40210020041000,2,1,311.0
255,40210020041082,2,1,311.0
256,40210020041001,2,1,311.0
257,40131145003000,4,9,311.0
259,40131084004023,3,8,311.0
260,40159548024388,7,2,311.0
261,40136144003006,9,8,311.0
262,40131067021008,9,8,311.0
263,40131067013001,8,9,311.0
264,40130405391039,7,4,311.0
265,40134226253000,6,3,311.0
266,40134226253013,6,3,311.0
267,40130506193046,4,7,311.0
268,40131060021003,8,9,311.0
269,40190054001053,1,2,311.0
271,40134226602000,3,6,311.0
272,40210022001063,1,5,311.0
273,40131167281006,8,7,311.0
274,40133197071007,3,8,311.0
275,40133197071007,8,7,311.0
276,40131167091000,7,8,311.0
277,40130405354041,7,9,311.0
278,40131166112077,8,7,311.0
279,40131166112075,8,7,311.0
281,40219413001025,2,7,311.0
282,40134202081013,3,6,311.0
287,40134207042002,6,3,311.0
289,40133199034014,6,3,311.0
295,40131050032013,3,8,311.0
296,40132168402017,3,8,311.0
297,40132168402018,3,8,311.0
298,40132168402018,8,5,311.0
299,40132168402016,3,8,311.0
300,40132168402016,8,5,311.0
301,40132168401025,3,8,311.0
302,40210003251037,3,6,311.0
303,40210003251023,3,6,311.0
304,40134208004014,6,3,311.0
305,40134205042032,3,6,311.0
306,40130405362001,4,9,311.0
307,40131113004000,3,8,311.0
308,40131067031000,9,8,311.0
309,40131067021018,9,8,311.0
315,40190006004000,5,1,311.0
320,40190018011003,1,5,311.0
321,40190043101019,2,1,311.0
322,40190043101023,2,1,311.0
325,40131166101023,4,7,311.0
327,40130927212011,9,4,311.0
328,40137233041268,7,2,311.0
329,40134202023042,3,6,311.0
331,40132168302013,3,8,311.0
332,40134226602002,3,6,311.0
333,40131101003003,4,9,311.0
334,40210008021218,1,2,311.0
335,40210008021219,1,2,311.0
336,40134226511000,6,3,311.0
337,40210003191000,6,1,311.0
338,40210003191002,6,1,311.0
339,40210003161051,1,6,311.0
340,40131042264016,8,9,311.0
342,40210023001019,1,5,311.0
343,40131039004025,8,9,311.0
344,40131044022011,8,9,311.0
345,40134226522000,6,3,311.0
346,40134226522001,6,3,311.0
347,40050015002084,5,7,311.0
348,40050015002085,5,7,311.0
349,40050015003065,5,7,311.0
350,40190054001005,1,2,311.0
351,40190054001006,1,2,311.0
352,40159532001023,7,2,311.0
353,40159532001024,7,2,311.0
354,40159532001016,7,2,311.0
355,40250016053053,5,7,311.0
357,40190054001012,1,2,311.0
361,40134226513010,3,6,311.0
362,40130405361001,4,9,311.0
363,40130506115000,7,4,311.0
364,40134222123015,3,6,311.0
365,40136100011001,8,7,311.0
366,40130609022008,9,4,311.0
367,40210003251036,3,6,311.0
368,40210003242028,3,6,311.0
369,40131032052021,3,8,311.0
370,40131163003018,3,8,311.0
372,40190004011006,2,1,311.0
373,40190043101024,2,1,311.0
377,40190046141000,1,5,311.0
379,40139410002000,7,6,311.0
380,40210019001112,2,1,311.0
381,40131127003000,4,9,311.0
382,40131167132000,7,6,311.0
383,40131166053002,7,4,311.0
384,40131166053000,7,4,311.0
385,40134226602001,3,6,311.0
386,40130609034000,9,4,311.0
387,40130405392000,7,4,311.0
388,40131166123005,8,4,311.0
390,40210008021300,1,2,311.0
391,40130927212008,9,4,311.0
392,40130405383024,4,9,311.0
393,40219413001026,2,7,311.0
394,40050015003062,5,7,311.0
395,40250014011040,5,7,311.0
404,40190024001024,5,2,311.0
406,40190024003032,2,5,311.0
407,40131144022041,9,8,311.0
408,40130405064030,4,9,311.0
409,40134222232008,3,6,311.0
410,40136144003005,9,8,311.0
411,40136144003009,9,8,311.0
413,40138173001000,6,1,311.0
416,40190004012034,1,2,311.0
418,40190022021028,1,2,311.0
420,40131084005001,8,3,311.0
421,40131084005003,8,3,311.0
423,40138160011020,6,1,311.0
424,40050015002076,5,7,311.0
425,40130610592000,4,7,311.0
426,40130610592004,4,7,311.0
427,40136107004007,8,5,300.0
429,40138134004026,1,2,300.0
430,40138134004024,1,2,300.0
431,40130101043000,3,5,300.0
432,40134210011016,3,6,300.0
433,40134214004001,6,3,300.0
435,40131041001000,9,8,300.0
436,40130609034013,9,4,300.0
437,40130609034002,9,4,300.0
438,40130506031249,2,7,300.0
439,40137233061173,2,7,300.0
440,40190020001021,5,1,300.0
441,40190020001022,5,1,300.0
442,40190020004040,1,5,300.0
445,40190041182000,2,5,300.0
446,40159534052032,2,7,300.0
447,40136112002015,9,8,300.0
448,40132168301029,3,8,300.0
449,40133199101017,7,6,300.0
450,40138160032009,1,6,300.0
451,40130405391009,7,4,300.0
452,40137233061002,2,7,300.0
453,40137233061003,2,7,300.0
454,40136163001038,9,8,300.0
456,40210003191083,6,1,300.0
457,40210003071006,3,5,300.0
458,40210003071021,3,5,300.0
459,40250015012006,5,7,300.0
460,40190044301016,2,1,300.0
462,40190046172003,1,5,300.0
464,40190003002046,2,1,300.0
465,40131167331042,8,7,300.0
466,40130101042053,5,3,300.0
467,40131153001010,3,8,300.0
468,40138134004025,1,2,300.0
470,40131167292012,7,6,300.0
471,40136152011003,3,8,300.0
472,40136144002005,9,8,300.0
473,40134222122017,6,3,300.0
475,40138134004028,1,2,300.0
476,40138134004027,1,2,300.0
477,40134222232005,3,6,300.0
479,40131042264015,8,9,300.0
480,40159534052005,2,7,300.0
481,40250014012039,5,7,300.0
482,40190001002001,1,2,300.0
483,40190001002002,1,2,300.0
484,40190004012009,1,2,300.0
485,40250015011013,5,7,300.0
486,40133199031008,6,3,300.0
487,40210022002025,1,5,300.0
488,40138152012002,6,1,300.0
490,40134201071023,5,3,300.0
491,40219412004064,1,2,300.0
492,40138160031016,6,1,300.0
493,40138160031015,6,1,300.0
494,40138160023000,1,6,300.0
495,40138161004015,1,6,300.0
496,40190040732000,2,5,300.0
497,40190034001022,5,1,285.0
500,40190044221025,1,2,285.0
501,40190027023007,5,1,285.0
503,40190046183016,1,5,285.0
504,40190044252000,2,1,285.0
505,40131153001003,3,8,285.0
506,40136115004016,8,9,285.0
507,40136115004018,8,9,285.0
508,40136115004015,8,9,285.0
509,40131167091001,7,8,285.0
510,40138104002017,6,7,285.0
511,40136108002037,7,9,285.0
513,40134226302010,6,3,285.0
514,40130610316000,7,4,285.0
515,40136152022011,8,3,285.0
516,40136152022012,8,3,285.0
517,40136152022010,8,3,285.0
518,40137233041275,7,2,285.0
520,40190046172000,1,5,285.0
521,40138124002017,6,1,285.0
522,40210003161032,1,3,285.0
523,40134226102006,3,6,285.0
524,40131166111026,7,8,285.0
526,40190024003000,2,5,285.0
527,40190004012010,1,2,285.0
528,40190041173048,5,2,285.0
531,40130610413008,4,9,285.0
532,40130927203001,4,9,285.0
533,40131042264017,8,9,285.0
535,40137233041215,7,2,285.0
536,40130405331045,4,9,285.0
537,40130506203166,7,4,285.0
539,40130506093017,4,7,285.0
542,40136152022013,8,3,285.0
543,40130405383038,4,7,285.0
544,40131167301000,7,8,285.0
545,40131167301017,7,8,285.0
546,40131127004008,9,4,285.0
547,40131121002021,9,4,285.0
548,40210020012000,2,1,285.0
549,40210012001170,1,2,285.0
550,40210012001162,1,2,285.0
552,40050015003083,5,7,285.0
553,40050015003084,5,7,285.0
554,40131079003008,3,8,285.0
555,40131166204003,7,4,285.0
556,40130101043004,3,5,285.0
557,40130101043008,3,5,285.0
558,40138100001000,7,6,285.0
559,40131162032005,8,3,285.0
560,40138173001029,6,1,285.0
561,40131167142019,6,7,285.0
563,40190020004041,1,5,285.0
565,40190011002007,1,2,283.0
566,40190040611005,5,2,283.0
567,40130405341014,4,9,283.0
568,40131032151015,3,8,283.0
569,40131127004012,9,4,283.0
570,40131032152000,8,3,283.0
571,40134213022002,6,3,283.0
573,40131051033038,8,3,283.0
574,40130927203007,4,9,283.0
575,40130927201000,4,9,283.0
576,40130927212003,9,4,283.0
577,40138152012000,6,1,283.0
578,40132168302015,3,8,283.0
579,40132168302014,3,8,283.0
580,40210022001069,1,5,272.0
581,40130715051037,9,4,272.0
582,40134226602003,3,6,272.0
583,40130405064000,4,9,272.0
584,40130927151001,4,9,272.0
587,40190004012036,1,2,272.0
588,40250016053029,5,7,272.0
590,40159548024379,7,2,272.0
592,40134208004001,6,3,272.0
593,40131163003017,3,8,272.0
594,40136107001052,8,5,272.0
596,40131079003009,3,8,272.0
598,40131093001011,9,4,272.0
599,40131112031003,8,3,272.0
601,40138173001030,6,1,272.0
602,40130405331004,4,9,272.0
603,40131166162018,9,8,272.0
604,40131166162028,9,8,272.0
605,40131166121040,8,4,272.0
606,40190006002020,1,2,272.0
608,40250014012036,5,7,272.0
611,40130506031230,2,7,272.0
612,40059451003129,7,5,266.0
613,40130405283001,4,7,266.0
614,40131067011004,9,8,266.0
615,40131067013010,8,9,266.0
616,40133199054000,7,6,266.0
617,40130927203005,4,9,266.0
618,40210003242029,3,6,266.0
619,40134221044005,6,3,266.0
620,40130405371021,9,7,266.0
621,40130405362000,4,9,266.0
622,40190004011001,2,1,266.0
624,40132168311014,3,8,266.0
625,40130506203168,7,4,266.0
626,40137233041216,7,2,266.0
627,40130506132056,4,7,266.0
628,40130405271013,7,4,266.0
629,40136107004001,8,5,266.0
630,40136152021010,8,3,266.0
631,40190040614055,5,2,266.0
634,40190002002019,2,1,266.0
636,40130304023074,5,8,266.0
637,40130304023075,5,8,266.0
638,40136107002036,5,8,266.0
639,40136163001037,9,8,266.0
640,40136107002035,5,8,266.0
641,40131166192078,7,8,266.0
642,40050015002077,5,7,266.0
643,40133199071002,6,7,266.0
644,40136100022048,8,7,266.0
646,40136125002001,8,5,266.0
647,40131138007001,3,8,266.0
654,40190008001120,1,2,266.0
655,40190008001127,1,2,266.0
656,40190047103001,1,5,250.0
659,40131162033024,3,8,250.0
660,40130506093004,4,7,250.0
661,40133199031007,6,3,250.0
662,40130927203004,4,9,250.0
663,40130927203000,4,9,250.0
664,40130304023079,5,8,250.0
665,40130304023078,5,8,250.0
666,40159534062000,2,7,250.0
667,40159534062001,2,7,250.0
678,40199803001051,5,2,250.0
680,40131148003016,8,9,250.0
683,40131138002002,3,8,250.0
684,40131138002005,3,8,250.0
686,40130506042105,7,2,250.0
687,40137233061008,2,7,250.0
688,40130506042101,7,2,250.0
690,40131167132009,7,6,250.0
691,40130405362049,4,9,250.0
692,40137233041091,7,2,250.0
693,40131094013003,4,9,249.0
694,40250016053030,5,7,249.0
695,40132168402001,3,5,249.0
697,40131084004028,3,8,249.0
698,40131138007005,3,8,249.0
699,40130405391013,7,4,249.0
700,40130405391014,7,4,249.0
701,40131067031001,9,8,249.0
702,40210008021244,1,2,249.0
704,40131051033057,8,3,249.0
707,40210024003076,5,1,246.0
708,40138128012018,6,1,246.0
709,40131166112074,8,7,246.0
710,40131166112076,8,7,246.0
711,40131162022003,8,3,246.0
712,40136108002038,7,9,246.0
714,40190043101028,2,1,246.0
715,40130506203017,7,4,246.0
716,40131036091014,8,9,246.0
717,40130506112008,7,4,246.0
718,40130506112000,7,4,246.0
719,40134213021020,3,6,246.0
720,40131166112073,8,7,246.0
721,40130609012000,4,9,246.0
722,40131166102008,4,7,246.0
723,40131166112089,8,7,246.0
724,40134226232025,6,1,246.0
726,40190041122026,5,2,246.0
728,40134214004002,6,3,246.0
729,40136100022050,8,7,246.0
730,40131166112070,8,7,246.0
731,40131166053003,7,4,246.0
732,40131166053006,7,4,246.0
733,40131050032009,3,8,246.0
734,40131050032008,3,8,246.0
735,40190046141005,1,5,246.0
736,40132168311015,3,8,246.0
737,40130609022000,9,4,246.0
738,40130927203006,4,9,246.0
739,40136108002035,7,9,246.0
740,40190019002000,1,5,246.0
741,40190020005000,5,1,246.0
742,40130608014000,4,9,246.0
743,40210024003120,5,1,246.0
744,40138160011019,6,1,246.0
745,40130610316003,7,4,246.0
747,40131051012034,8,3,246.0
748,40131051031000,8,3,246.0
749,40131051012039,8,3,246.0
750,40130609022007,9,4,246.0
751,40130609022006,9,4,246.0
752,40136182002009,9,8,246.0
753,40131166101022,4,7,246.0
755,40131144022034,9,8,246.0
756,40130610314009,7,4,246.0
757,40134207062017,6,3,246.0
758,40130405354024,7,9,246.0
759,40131086012012,8,9,246.0
761,40190054001007,1,2,246.0
762,40138148012003,1,6,246.0
763,40134226232024,6,1,246.0
764,40131162033021,3,8,246.0
765,40130608021000,4,9,246.0
766,40130608014030,4,9,246.0
767,40059451002020,5,7,246.0
768,40131167272019,8,7,246.0
769,40190028012000,1,5,246.0
770,40190011001010,2,1,246.0
771,40250014022082,7,5,246.0
773,40130609013000,4,9,246.0
774,40131153001005,3,8,246.0
775,40138159021032,6,1,246.0
776,40130405331003,4,9,246.0
777,40130822063025,4,7,246.0
779,40134207052010,3,6,246.0
780,40219412002036,1,2,246.0
781,40136107002034,5,8,246.0
782,40190044231012,1,2,246.0
783,40131032091008,8,3,246.0
784,40130506031130,2,7,246.0
785,40210023001196,1,5,246.0
786,40130506202047,7,4,246.0
787,40131051012031,8,3,246.0
788,40131033031000,8,3,246.0
789,40130405291000,4,7,246.0
790,40219412002069,1,2,246.0
791,40190035061000,1,5,246.0
792,40131166112071,8,7,246.0
793,40134202144035,3,6,246.0
794,40131112014013,8,3,246.0
797,40131167312018,8,7,246.0
798,40190036013000,5,1,246.0
801,40190054003051,1,2,235.0
804,40190024001001,5,2,235.0
805,40131144022040,9,8,235.0
806,40138158003002,1,6,235.0
807,40137233041092,7,2,235.0
808,40136107004002,8,5,235.0
809,40136107002008,5,8,235.0
810,40131167293011,7,6,235.0
811,40250015012005,5,7,235.0
812,40134226522002,6,3,235.0
813,40130927232017,9,4,235.0
814,40134226513015,3,6,235.0
816,40190046183017,1,5,235.0
817,40190006001016,1,5,235.0
818,40190006004036,5,1,235.0
819,40131166111003,7,4,235.0
820,40130506203167,7,4,235.0
821,40138148021000,6,1,235.0
822,40134226253002,6,3,235.0
823,40130405271009,7,4,235.0
824,40130506115001,7,4,235.0
825,40130506142007,4,7,235.0
826,40131079002006,3,8,235.0
827,40131162033023,3,8,235.0
831,40136112002011,9,8,235.0
832,40136115004017,8,9,235.0
833,40134226253001,6,3,235.0
834,40136107002009,5,8,235.0
836,40131166052017,7,4,235.0
837,40136100021023,7,8,235.0
838,40219412002070,1,2,235.0
839,40190046171000,1,5,235.0
840,40190046171026,1,5,235.0
842,40134208004002,6,3,235.0
844,40131032122030,8,3,235.0
846,40132168301009,3,8,235.0
847,40190046141006,1,5,235.0
848,40136152022015,8,3,235.0
850,40136112002008,9,8,235.0
851,40136112002007,9,8,235.0
852,40136112002006,9,8,235.0
854,40134202092023,3,6,235.0
855,40130405383049,4,7,235.0
856,40134201101017,3,5,235.0
857,40131167293010,7,6,235.0
861,40190044301000,2,1,235.0
862,40190044192000,2,1,235.0
863,40134222251001,3,6,235.0
866,40130822042027,4,7,235.0
870,40190041173049,5,2,235.0
871,40136182002010,9,8,235.0
872,40131167111001,6,7,235.0
873,40134202092021,3,6,235.0
874,40130506203152,7,4,235.0
875,40131051012032,8,3,235.0
876,40131051012033,8,3,235.0
877,40131166103005,4,8,235.0
878,40131032151021,3,8,235.0
880,40136108002048,7,9,235.0
881,40131167331041,8,7,235.0
883,40190041161000,2,5,235.0
884,40190043101008,2,1,235.0
886,40131056021007,9,8,235.0
887,40190046183015,1,5,235.0
888,40136107004039,8,5,235.0
889,40136107004041,8,5,235.0
890,40130101042015,5,3,235.0
891,40210008021242,1,2,235.0
892,40190040611002,5,2,235.0
893,40190041151006,2,5,235.0
894,40190041151000,2,5,235.0
895,40190040622024,2,5,235.0
896,40136100021024,7,8,235.0
897,40138160011000,6,1,235.0
898,40130609023002,9,4,235.0
899,40131167331034,8,7,235.0
900,40136115004014,8,9,235.0
901,40130927163004,4,9,235.0
902,40131138002001,3,8,235.0
903,40133200071008,7,3,235.0
906,40250014011054,5,7,235.0
907,40190005024008,1,2,235.0
908,40190005024009,1,2,235.0
909,40136112002009,9,8,235.0
910,40134226421007,6,3,235.0
915,40250016052039,5,7,235.0
916,40190041161027,2,5,235.0
917,40250014012040,5,7,235.0
918,40131166162019,9,8,235.0
919,40190045111005,5,1,235.0
920,40210008023212,1,2,235.0
921,40132168294029,5,3,235.0
923,40131032091018,8,3,235.0
926,40131111001023,3,8,235.0
927,40134214004003,6,3,235.0
928,40132168293047,5,3,235.0
929,40131032152022,8,3,235.0
932,40131167142000,6,7,235.0
933,40136142001000,9,8,235.0
936,40130506112042,7,4,235.0
937,40210008021220,1,2,235.0
938,40190019002009,1,5,235.0
939,40190006004015,5,1,235.0
941,40136100022052,8,7,235.0
942,40131167142017,6,7,235.0
943,40130506042166,7,2,235.0
944,40190006001000,1,5,235.0
945,40136100022049,8,7,235.0
946,40130506142008,4,7,235.0
947,40134201101000,3,5,235.0
948,40136100022053,8,7,235.0
949,40130405331000,4,9,235.0
950,40130506042174,7,2,235.0
951,40134226251014,6,3,235.0
952,40137233041095,7,2,235.0
953,40250014012038,5,7,235.0
954,40130506201040,7,4,235.0
955,40130610582056,7,4,235.0
956,40130610582055,7,4,235.0
957,40130506142035,7,4,235.0
958,40130506142033,7,4,235.0
959,40131042022005,8,9,235.0
960,40131042264018,8,9,235.0
961,40131056012017,9,8,235.0
962,40131060011003,9,8,235.0
963,40134202131065,3,6,235.0
964,40134202131000,3,6,235.0
965,40134202142008,3,6,235.0
966,40134202142009,3,6,235.0
970,40134201081042,3,5,235.0
971,40131067021007,9,8,235.0
972,40133199033009,6,3,235.0
973,40059451002076,7,5,235.0
974,40131051012016,3,8,235.0
975,40131051012030,3,8,235.0
976,40131051012019,3,8,235.0
977,40131051012015,3,8,235.0
982,40138128012016,6,1,235.0
983,40138128012015,6,1,235.0
984,40136131003000,8,5,235.0
985,40136131003001,8,5,235.0
986,40050013023115,5,7,235.0
987,40050013023113,5,7,235.0
988,40050013023114,5,7,235.0
989,40050013023116,5,7,235.0
990,40131166161013,9,8,235.0
991,40131166162012,9,8,235.0
992,40131166162013,9,8,235.0
994,40131166161018,8,9,235.0
995,40132168301011,8,3,235.0
996,40132168301010,8,3,235.0
997,40131051033037,3,8,235.0
999,40130405271012,4,7,235.0
1000,40136108002050,7,9,235.0
1001,40136108002043,7,9,235.0
1002,40136144003002,8,9,235.0
1003,40219413001184,2,7,235.0
1004,40131167141014,6,7,235.0
1005,40131167141017,6,7,235.0
1006,40131166141013,8,9,235.0
1007,40131166141006,8,9,235.0
1010,40210021071000,2,1,235.0
1011,40210021071005,1,2,235.0
1013,40131167282009,7,8,235.0
1014,40131167282003,7,8,235.0
1015,40131167282012,7,8,235.0
1016,40131167282011,7,8,235.0
1017,40131167282013,7,8,235.0
1018,40131167282014,7,8,235.0
1019,40131065011005,8,9,235.0
1021,40133199101000,7,6,235.0
1022,40130405395000,9,4,235.0
1024,40131086022004,9,8,235.0
1025,40134202144011,3,6,235.0
1026,40134202144012,3,6,235.0
1027,40134202144018,3,6,235.0
1028,40133200022005,7,8,235.0
1029,40133200021009,7,8,235.0
1030,40136100022068,7,8,235.0
1031,40132168302016,3,8,235.0
1032,40138130001036,2,1,235.0
1033,40131042054007,9,8,235.0
1034,40210021061022,2,1,235.0
1035,40131051033039,8,3,235.0
1036,40134210021001,3,6,235.0
1038,40190026022006,5,1,235.0
1041,40136143001015,9,8,235.0
1042,40136161003000,9,8,235.0
1043,40136161001000,9,8,235.0
1044,40138131001001,6,1,235.0
1045,40133199034001,6,3,235.0
1046,40133199034002,6,3,235.0
1047,40131129004003,8,9,235.0
1048,40131129004009,8,9,235.0
1049,40138104003001,7,6,235.0
1051,40131167271000,8,7,235.0
1052,40130405231033,4,9,235.0
1053,40130405321056,9,4,235.0
1054,40210020013002,1,2,235.0
1055,40210003112035,1,3,235.0
1056,40138104001000,7,6,235.0
1057,40131167311027,8,7,235.0
1058,40190044301009,2,1,235.0
1059,40190020002003,1,5,235.0
1060,40190024001006,5,2,197.0
1061,40190035023025,5,1,197.0
1062,40190028012001,1,5,197.0
1063,40190044043001,2,1,197.0
1066,40190041181075,2,5,197.0
1068,40190018012006,1,5,197.0
1069,40210020041004,1,2,197.0
1070,40210020041002,2,1,197.0
1071,40131167111002,6,7,197.0
1072,40131167111007,6,7,197.0
1073,40131167111008,6,7,197.0
1074,40133197071004,7,3,197.0
1075,40131167103009,7,6,197.0
1076,40130927111019,4,9,197.0
1079,40131144022033,9,8,197.0
1081,40131060011002,9,8,197.0
1082,40130405351000,7,9,197.0
1083,40130506142025,7,4,197.0
1084,40210008021203,2,1,197.0
1085,40210008021202,2,1,197.0
1086,40210020041090,2,1,197.0
1087,40050013021058,5,7,197.0
1088,40136131001005,8,5,197.0
1090,40250016053054,7,5,197.0
1091,40190040732008,5,2,197.0
1092,40199803001052,5,2,197.0
1093,40190047141004,1,5,197.0
1097,40190022022002,5,1,197.0
1098,40190054003052,1,2,197.0
1099,40190040732002,2,5,197.0
1100,40190040732003,2,5,197.0
1101,40190040732001,2,5,197.0
1102,40190040813016,2,5,197.0
1103,40159534042000,2,7,197.0
1106,40059451002037,7,5,197.0
1107,40059451003117,7,5,197.0
1109,40130506131031,7,4,197.0
1110,40130506132062,4,7,188.0
1111,40130506132057,4,7,187.0
1112,40130506132059,4,7,187.0
1113,40130506132060,4,7,187.0
1114,40059451001084,5,7,187.0
1115,40131095001024,4,9,187.0
1116,40130610591017,7,4,187.0
1117,40134201071015,3,5,187.0
1118,40134201071024,3,5,187.0
1119,40131167134009,6,7,187.0
1120,40131041001001,9,8,187.0
1126,40138104003000,6,7,187.0
1127,40138104001015,7,6,187.0
1128,40130506042116,2,7,187.0
1130,40130101043011,5,3,187.0
1132,40131138006003,3,8,187.0
1133,40131138006002,8,3,187.0
1134,40131138006011,3,8,187.0
1135,40131138006004,3,8,187.0
1136,40130927151000,4,9,187.0
1137,40136125002004,8,5,187.0
1138,40130405354025,7,9,187.0
1139,40190041172000,2,5,187.0
1141,40190054001008,1,2,187.0
1142,40190046141016,5,1,187.0
1143,40190047131021,5,1,187.0
1144,40190054001004,1,2,187.0
1145,40138159023001,1,6,187.0
1147,40131112012001,8,3,187.0
1149,40134205042018,3,6,187.0
1150,40131121002013,9,4,187.0
1151,40210003071007,3,5,187.0
1152,40050015001000,7,5,187.0
1153,40131166112081,8,7,187.0
1154,40131166112082,7,8,187.0
1155,40131166112079,7,8,187.0
1156,40130506132061,4,7,187.0
1157,40133197081003,8,3,187.0
1158,40133197071003,3,8,187.0
1159,40131166161019,8,9,187.0
1160,40131166161021,9,8,187.0
1162,40131172002040,8,3,187.0
1164,40210020013007,2,1,187.0
1165,40130405391023,7,4,187.0
1166,40130405391025,7,4,187.0
1169,40130405361000,4,9,187.0
1170,40131166212020,7,4,187.0
1171,40131095003003,4,9,187.0
1172,40134226253004,3,6,187.0
1173,40134202144034,6,3,187.0
1174,40134226253003,3,6,187.0
1175,40130405354026,7,9,187.0
1176,40131056012014,8,9,187.0
1177,40050015003071,5,7,187.0
1178,40190035031001,1,5,187.0
1181,40190033041022,5,1,187.0
1182,40190047252014,5,1,187.0
1183,40250014011002,7,5,187.0
1184,40190040622025,5,2,187.0
1186,40190040731018,5,2,160.0
1189,40159548024518,2,7,160.0
1190,40159548024517,2,7,160.0
1191,40159548024519,2,7,160.0
1193,40136183001004,9,8,160.0
1194,40136181001000,8,9,160.0
1195,40139413002037,5,3,160.0
1196,40139413002082,3,5,160.0
1198,40131130002012,9,8,160.0
1199,40138100001038,6,7,160.0
1200,40130609042001,4,9,160.0
1202,40130609042002,4,9,160.0
1204,40138174001028,2,6,160.0
1205,40130506201041,7,4,160.0
1206,40134226322020,6,3,160.0
1207,40131166121041,4,8,160.0
1208,40210024003039,1,5,160.0
1209,40210024001005,1,5,160.0
1210,40210024001001,1,5,160.0
1212,40134226261024,3,6,160.0
1216,40190043332000,2,1,160.0
1217,40190041312000,2,5,160.0
1219,40190021003014,1,5,160.0
1220,40190033041028,5,1,160.0
1221,40190024003008,2,5,160.0
1222,40190003002047,2,1,160.0
1223,40190040611022,5,2,160.0
1226,40131166112078,7,8,160.0
1227,40130610316001,7,4,160.0
1228,40131166121031,4,8,160.0
1231,40134202142019,3,6,160.0
1232,40134202142022,3,6,160.0
1233,40138148011035,1,6,160.0
1234,40138148022000,1,6,160.0
1235,40138175001004,6,2,160.0
1237,40130506193048,4,7,160.0
1238,40130506193044,4,7,160.0
1239,40130506193049,4,7,160.0
1240,40130506193055,4,7,160.0
1241,40130506193047,7,4,160.0
1242,40210023001195,1,5,160.0
1243,40210023001198,1,5,160.0
1244,40210023001204,1,5,160.0
1245,40130405391036,4,7,160.0
1246,40131173002002,9,8,160.0
1247,40131173002003,9,8,160.0
1248,40131138002006,3,8,160.0
1249,40133197101000,3,8,160.0
1250,40134226321006,3,6,160.0
1251,40130304011057,8,5,160.0
1252,40131129001028,9,8,160.0
1253,40210003191001,6,1,160.0
1254,40133199041032,6,3,160.0
1255,40137233041210,7,2,160.0
1257,40190041154000,2,5,160.0
1258,40190041152000,2,5,160.0
1261,40131162022001,8,3,160.0
1262,40131162022002,8,3,160.0
1263,40139413002083,3,5,160.0
1266,40190046183012,5,1,160.0
1267,40190046183013,5,1,160.0
1268,40190046183014,5,1,160.0
1271,40190002003003,2,1,160.0
1272,40131173001023,4,9,160.0
1274,40130931061005,4,9,160.0
1275,40130405392003,4,7,160.0
1276,40131145003000,9,4,152.0
1277,40159548024388,2,7,152.0
1278,40131067013001,9,8,151.0
1279,40130405391039,4,7,151.0
1280,40130405392001,7,4,151.0
1281,40134226253013,3,6,151.0
1282,40130506193050,4,7,151.0
1283,40210008021243,1,2,151.0
1285,40131060021003,9,8,151.0
1288,40190028012006,1,5,151.0
1290,40190028012005,1,5,151.0
1291,40190008001000,1,2,151.0
1292,40190054001053,2,1,151.0
1293,40190006004005,5,1,151.0
1294,40190006004006,5,1,151.0
1295,40134226602000,6,3,151.0
1296,40134226602019,3,6,151.0
1297,40134226421006,6,3,151.0
1298,40131051033045,8,3,151.0
1299,40131166101019,4,7,151.0
1301,40133199041027,3,6,151.0
1302,40133199041029,3,6,151.0
1303,40210022001063,5,1,151.0
1304,40210022001062,1,5,151.0
1305,40131167281006,7,8,151.0
1306,40133197071007,7,8,151.0
1309,40130405354022,7,9,151.0
1310,40130405354023,7,9,151.0
1311,40130405391010,7,4,151.0
1312,40131166112077,7,8,151.0
1314,40134202081013,6,3,151.0
1318,40210024001004,1,5,151.0
1321,40134207042002,3,6,151.0
1322,40133199034012,6,3,151.0
1323,40133199034011,6,3,151.0
1326,40131050032013,8,3,150.0
1327,40132168402016,5,3,150.0
1328,40132168401025,8,3,150.0
1329,40210003251023,6,3,150.0
1330,40134205042031,3,6,150.0
1331,40134205042023,3,6,150.0
1333,40130405362001,9,4,150.0
1334,40131113004000,8,3,150.0
1335,40131067031000,8,9,150.0
1337,40131067021017,9,8,150.0
1338,40131032123000,8,3,150.0
1339,40131032121000,8,3,150.0
1341,40250014022081,7,5,150.0
1342,40190006004010,5,1,130.0
1352,40190018011003,5,1,130.0
1354,40190043101019,1,2,130.0
1355,40190043101023,1,2,130.0
1362,40190035053001,1,5,130.0
1364,40159528012018,7,2,130.0
1367,40133199031000,6,3,130.0
1370,40210020052026,1,2,130.0
1372,40134202023042,6,3,130.0
1373,40132168302013,8,3,130.0
1375,40138128012007,6,1,130.0
1376,40136100021096,7,8,130.0
1377,40130609033012,9,4,130.0
1379,40131125182077,4,7,130.0
1380,40210003161051,6,1,130.0
1381,40138148012007,1,6,130.0
1382,40210023001019,5,1,130.0
1383,40131044022011,9,8,130.0
1384,40050015002085,7,5,130.0
1385,40050015003065,7,5,130.0
1386,40050013021057,7,5,124.0
1387,40050015003063,5,7,124.0
1388,40050015003074,5,7,124.0
1389,40159532001023,2,7,124.0
1391,40159532001016,2,7,124.0
1392,40190044313013,1,2,122.0
1393,40190044313010,1,2,122.0
1394,40250016053053,7,5,122.0
1395,40159534062002,2,7,122.0
1398,40134226513006,3,6,122.0
1402,40133200071001,7,3,121.0
1403,40133200071003,7,3,121.0
1404,40137233071013,7,4,121.0
1405,40137233071020,7,4,121.0
1406,40130405361001,9,4,121.0
1407,40133199051010,6,7,121.0
1408,40133199051011,6,7,121.0
1410,40136100011001,7,8,121.0
1411,40131167312017,8,7,121.0
1412,40130609022008,4,9,121.0
1413,40210003251036,6,3,121.0
1414,40210003161060,1,6,121.0
1415,40210003162010,1,6,121.0
1416,40131032052021,8,3,121.0
1417,40131163003018,8,3,121.0
1419,40190004011006,1,2,121.0
1420,40190043101024,1,2,121.0
1424,40190028022001,5,1,120.0
1425,40190046141000,5,1,120.0
1428,40139410002000,6,7,120.0
1429,40210019001111,2,1,120.0
1432,40131166053001,7,4,120.0
1433,40134226602001,6,3,120.0
1434,40210008021241,1,2,120.0
1435,40134222251000,3,6,120.0
1436,40131166123005,4,8,120.0
1438,40210008021300,2,1,120.0
1439,40210008023113,1,2,120.0
1440,40130405383024,9,4,120.0
1441,40130927212002,9,4,120.0
1442,40138134004023,1,2,120.0
1443,40138134004031,1,2,120.0
1444,40138134004032,1,2,120.0
1445,40130610314000,7,4,120.0
1447,40131166192006,7,4,120.0
1448,40131166192000,7,4,120.0
1449,40130405323001,4,9,120.0
1451,40136133001076,8,3,120.0
1452,40250014011040,7,5,120.0
1456,40190024001024,2,5,120.0
1458,40190022012011,5,2,120.0
1459,40190024003032,5,2,120.0
1460,40131166121034,8,4,120.0
1461,40130405064030,9,4,120.0
1462,40134222232008,6,3,120.0
1463,40134222251002,3,6,120.0
1464,40136144003008,9,8,120.0
1465,40131144021000,9,8,120.0
1468,40131138006005,3,8,120.0
1469,40136152022014,8,3,120.0
1471,40131067031002,9,8,120.0
1473,40131051033044,8,3,120.0
1474,40131051033041,8,3,120.0
1476,40190004012034,2,1,120.0
1481,40190022022004,5,2,120.0
1482,40190022021028,2,1,120.0
1487,40138160031014,6,1,120.0
1488,40138160011020,1,6,120.0
1489,40134213021018,3,6,120.0
1490,40134213021019,3,6,120.0
1491,40130608014001,4,9,120.0
1492,40130304023072,5,8,120.0
1493,40130304023073,5,8,120.0
1494,40050015002000,5,7,120.0
1495,40130610601004,4,7,120.0
1496,40130610592004,7,4,120.0
1498,40131051031008,8,3,120.0
1500,40136152021004,8,3,120.0
1501,40210008023112,1,2,120.0
1502,40130101043003,3,5,101.0
1503,40130101043005,3,5,99.0
1504,40134202144013,3,6,99.0
1505,40134202143000,6,3,99.0
1509,40130506031249,7,2,99.0
1510,40137233061171,2,7,99.0
1511,40190006002019,1,2,99.0
1512,40190020001021,1,5,99.0
1513,40190020001022,1,5,99.0
1515,40159534052032,7,2,99.0
1517,40136112002015,8,9,99.0
1518,40136117001016,8,9,99.0
1519,40136117001011,8,9,99.0
1520,40131167142018,6,7,99.0
1522,40132168301029,8,3,99.0
1524,40138160032009,6,1,99.0
1526,40138101002000,6,7,98.0
1527,40137233061002,7,2,98.0
1528,40137233041276,7,2,98.0
1529,40137233061003,7,2,98.0
1530,40131166192087,7,8,98.0
1531,40136163001039,9,8,98.0
1533,40210003191082,6,1,98.0
1534,40210003071003,3,5,98.0
1535,40210003071021,5,3,98.0
1536,40131166112019,8,7,98.0
1538,40135228021017,1,6,98.0
1539,40136100011042,8,7,98.0
1541,40250015012006,7,5,98.0
1542,40190035042018,5,1,98.0
1543,40190044301001,2,1,98.0
1546,40190046172003,5,1,98.0
1548,40190003002046,1,2,98.0
1550,40131153001010,8,3,98.0
1553,40138159021033,6,1,98.0
1558,40138134004028,2,1,98.0
1559,40138134004027,2,1,98.0
1560,40134222232005,6,3,98.0
1563,40131042264015,9,8,98.0
1564,40159534052005,7,2,98.0
1565,40250014012037,5,7,98.0
1566,40190001002001,2,1,98.0
1567,40190001002002,2,1,98.0
1568,40190003002040,2,1,87.0
1570,40190004012009,2,1,87.0
1571,40250015011013,7,5,87.0
1576,40131106004007,8,9,87.0
1577,40131156002008,9,8,87.0
1578,40131138007004,3,8,87.0
1579,40131138007006,3,8,87.0
1580,40210003162011,1,6,87.0
1581,40210020052024,1,2,87.0
1582,40133199031008,3,6,87.0
1583,40210022002025,5,1,87.0
1584,40138152012003,6,1,87.0
1585,40138152012004,6,1,87.0
1588,40134201071023,3,5,87.0
1589,40219412004064,2,1,87.0
1591,40138160031016,1,6,87.0
1592,40138160031015,1,6,87.0
1593,40138160023000,6,1,87.0
1594,40138160012038,6,1,87.0
1595,40138161004015,6,1,87.0
1598,40190044221025,2,1,87.0
1601,40190044252000,1,2,87.0
1602,40138160031004,6,1,87.0
1603,40130506203081,7,4,87.0
1607,40138104002017,7,6,87.0
1608,40136108002037,9,7,87.0
1611,40130506112007,7,4,87.0
1612,40130610314008,7,4,87.0
1613,40138128011017,6,1,87.0
1614,40131138006010,3,8,87.0
1615,40137233041275,2,7,87.0
1616,40130101043007,3,5,87.0
1619,40190046172000,5,1,87.0
1621,40138124002017,1,6,87.0
1622,40131051033047,8,3,87.0
1623,40131129004005,8,9,87.0
1625,40134226102006,6,3,87.0
1626,40131166111026,8,7,87.0
1627,40219413001024,2,7,87.0
1636,40190024003000,5,2,87.0
1640,40190004012010,2,1,87.0
1644,40190040611003,5,2,87.0
1646,40190041173021,5,2,87.0
1647,40190041173047,5,2,87.0
1655,40131138007020,3,8,87.0
1656,40131138007029,3,8,87.0
1657,40130927203001,9,4,87.0
1658,40130927151002,4,9,87.0
1659,40130927151003,4,9,87.0
1662,40210002042000,1,6,87.0
1663,40137233041217,7,2,87.0
1664,40137233041215,2,7,87.0
1666,40130506093017,7,4,87.0
1667,40131167272018,8,7,87.0
1668,40131167312016,8,7,87.0
1672,40136108002036,7,9,87.0
1673,40219412002037,1,2,87.0
1674,40138104002001,6,7,87.0
1677,40210003161052,1,6,87.0
1678,40130405383038,7,4,87.0
1682,40210020012000,1,2,87.0
1683,40210012001170,2,1,87.0
1684,40210012001162,2,1,87.0
1686,40050015003083,7,5,87.0
1687,40131079003008,8,3,87.0
1689,40138100001000,6,7,87.0
1691,40130506042167,7,2,87.0
1695,40130405341014,9,4,87.0
1697,40131127004011,9,4,87.0
1698,40134213022002,3,6,87.0
1699,40130927203017,4,9,87.0
1700,40130405371000,9,7,87.0
1701,40130927201000,9,4,87.0
1702,40138176003115,1,6,87.0
1703,40132168302014,8,3,87.0
1704,40130715051037,4,9,87.0
1705,40130405064000,9,4,87.0
1708,40190004012036,2,1,87.0
1709,40159548024379,2,7,87.0
1711,40134208004001,3,6,87.0
1712,40131163003017,8,3,87.0
1713,40130506112001,7,4,87.0
1714,40131138006050,3,8,87.0
1715,40131138006049,3,8,87.0
1716,40131172002042,8,3,87.0
1717,40136107001052,5,8,87.0
1720,40131079003009,8,3,87.0
1723,40131112031003,3,8,87.0
1725,40130405331004,9,4,87.0
1728,40131079002004,3,8,87.0
1729,40131166162028,8,9,86.0
1730,40131166121040,4,8,86.0
1733,40250014012036,7,5,86.0
1734,40190025091028,2,5,86.0
1738,40190035061001,1,5,86.0
1739,40130506031230,7,2,86.0
1740,40130405283001,7,4,86.0
1741,40131067011004,8,9,86.0
1743,40133199054000,6,7,86.0
1745,40130927203005,9,4,86.0
1747,40210003242016,3,6,86.0
1748,40130405371021,7,9,86.0
1750,40190041172006,2,5,86.0
1752,40132168311014,8,3,86.0
1753,40210003071005,3,5,86.0
1754,40190040614055,2,5,86.0
1757,40190041173019,5,2,86.0
1758,40137233041093,7,2,86.0
1759,40136107002037,5,8,86.0
1760,40136107002036,8,5,86.0
1762,40136163001037,8,9,86.0
1764,40136107002035,8,5,86.0
1765,40131166192078,8,7,86.0
1767,40130101042025,5,3,86.0
1769,40131156002012,9,8,86.0
1771,40133199071002,7,6,85.0
1773,40136125002018,8,5,85.0
1774,40131138007001,8,3,85.0
1777,40190040611023,5,2,85.0
1778,40190040611018,5,2,85.0
1780,40190008001120,2,1,85.0
1787,40190003001001,2,1,85.0
1790,40131162033024,8,3,85.0
1791,40130506093004,7,4,85.0
1792,40130506203153,7,4,85.0
1794,40130927203004,9,4,85.0
1795,40130927203000,9,4,85.0
1796,40130304023079,8,5,85.0
1797,40136125002002,8,5,85.0
1798,40130304023078,8,5,85.0
1803,40199803001051,2,5,85.0
1805,40131148003016,9,8,85.0
1807,40131129004010,8,9,85.0
1808,40131138002004,3,8,85.0
1810,40130506042105,2,7,85.0
1811,40137233061008,7,2,85.0
1812,40130506042101,2,7,85.0
1813,40134226542023,6,1,78.0
1815,40130405362049,9,4,78.0
1816,40131138006009,3,8,78.0
1817,40137233041090,7,2,78.0
1819,40131167331033,8,7,78.0
1820,40250014011053,5,7,78.0
1821,40250016053030,7,5,78.0
1824,40131084004024,3,8,78.0
1825,40131138007021,3,8,78.0
1826,40130405391013,4,7,78.0
1827,40130405391014,4,7,78.0
1831,40131051033057,3,8,78.0
1836,40138128012008,6,1,78.0
1837,40131166112076,7,8,78.0
1838,40131117004003,8,9,78.0
1839,40131162022003,3,8,78.0
1840,40136108002042,7,9,78.0
1841,40136108002038,9,7,78.0
1842,40210020052065,1,2,67.0
1843,40190043101028,1,2,67.0
1844,40190006004035,5,1,67.0
1845,40130506203018,7,4,67.0
1846,40130506203019,7,4,67.0
1847,40210019001110,2,1,67.0
1848,40131166112073,7,8,67.0
1849,40130609012000,9,4,67.0
1851,40131166112088,8,7,67.0
1854,40134226522003,6,3,67.0
1856,40190041122026,2,5,67.0
1859,40134214004002,3,6,67.0
1860,40136100022050,7,8,67.0
1861,40131166112070,7,8,67.0
1862,40131166053003,4,7,67.0
1863,40131166053006,4,7,67.0
1864,40131050032009,8,3,67.0
1865,40131050032008,8,3,67.0
1869,40130610612015,4,7,67.0
1879,40190046141005,5,1,67.0
1884,40132168311015,8,3,67.0
1885,40130609022000,4,9,67.0
1886,40130927203006,9,4,67.0
1887,40130610582068,4,7,67.0
1888,40136108002035,9,7,67.0
1889,40190020005000,1,5,67.0
1890,40050015002001,5,7,67.0
1891,40050015002002,5,7,67.0
1892,40050015002065,5,7,67.0
1895,40138156024011,1,6,67.0
1898,40210012001034,1,2,65.0
1899,40210012001035,1,2,65.0
1900,40130608014000,9,4,65.0
1901,40210024003120,1,5,65.0
1902,40136132001008,8,5,62.0
1903,40131094012001,4,9,62.0
1904,40210008023114,1,2,62.0
1905,40250015012000,5,7,62.0
1906,40190018023016,1,5,62.0
1907,40190003002044,2,1,62.0
1908,40190024001007,5,2,62.0
1909,40138160011019,1,6,62.0
1910,40131051012034,3,8,62.0
1911,40131051031000,3,8,62.0
1912,40131051012039,3,8,62.0
1913,40130927242012,9,4,62.0
1915,40131166101022,7,4,62.0
1916,40134207062017,3,6,62.0
1918,40250014012034,5,7,62.0
1919,40190047105014,5,1,62.0
1922,40138148012003,6,1,62.0
1923,40134226232024,1,6,62.0
1924,40131162033021,8,3,62.0
1925,40130608021000,9,4,62.0
1926,40130608014030,9,4,62.0
1929,40059451002020,7,5,62.0
1933,40190011001009,2,1,62.0
1935,40130609013000,9,4,62.0
1937,40138159021032,1,6,62.0
1938,40130405331003,9,4,62.0
1939,40134207052010,6,3,62.0
1940,40219412002036,2,1,62.0
1941,40136107002034,8,5,62.0
1942,40250015012001,5,7,62.0
1943,40190027033001,1,5,62.0
1944,40190044231012,2,1,62.0
1945,40250015011014,5,7,62.0
1947,40190041093002,2,5,62.0
1948,40190041093003,2,5,62.0
1949,40131032091008,3,8,62.0
1950,40210023001197,1,5,62.0
1952,40210003163050,1,6,62.0
1953,40130506202047,4,7,62.0
1954,40131051012031,3,8,62.0
1956,40130405291000,7,4,62.0
1957,40130405121018,4,7,62.0
1958,40210003071016,3,5,62.0
1959,40190035061002,1,5,62.0
1961,40130405383050,4,7,62.0
1962,40130405383048,4,7,62.0
1963,40131166112071,7,8,60.0
1964,40134202144035,6,3,60.0
1967,40190006004001,5,1,60.0
1968,40190023001003,2,1,60.0
1972,40190024001001,2,5,60.0
1973,40131144022039,9,8,60.0
1974,40131144022040,8,9,60.0
1975,40138158003002,6,1,60.0
1976,40138160012000,6,1,60.0
1978,40210012001072,1,2,60.0
1980,40137233041092,2,7,60.0
1981,40136107002008,8,5,60.0
1982,40134202143013,6,3,60.0
1984,40250015012004,5,7,60.0
1986,40210008023117,1,2,60.0
1987,40130927232017,4,9,60.0
1988,40134226513015,6,3,60.0
1989,40190046183017,5,1,60.0
1991,40190006004036,1,5,60.0
1992,40190044041002,1,2,60.0
1994,40131166111003,4,7,60.0
1997,40130506203167,4,7,60.0
1998,40138176003009,1,6,60.0
1999,40138148021000,1,6,60.0
2001,40134226253002,3,6,60.0
2002,40130405271009,4,7,47.0
2004,40133197082000,8,3,47.0
2005,40130506115001,4,7,47.0
2007,40131079002006,8,3,47.0
2008,40219413001187,2,7,47.0
2009,40137233041226,7,2,47.0
2010,40210017011018,2,7,47.0
2013,40250014011031,5,7,47.0
2018,40131162033022,3,8,47.0
2019,40131162033023,8,3,47.0
2025,40136151002030,8,3,47.0
2027,40190041161006,2,5,47.0
2030,40210020013001,2,1,47.0
2031,40136112002011,8,9,47.0
2032,40136115004017,9,8,47.0
2033,40134226253001,3,6,47.0
2034,40136107002009,8,5,47.0
2036,40131172002041,8,3,47.0
2037,40136100021023,8,7,47.0
2038,40219412002070,2,1,47.0
2040,40190046171000,5,1,47.0
2041,40190046171026,5,1,47.0
2042,40134208004002,3,6,47.0
2043,40134206042037,3,6,47.0
2045,40210003071004,3,5,47.0
2046,40131032122026,8,3,47.0
2047,40130101032128,5,3,47.0
2050,40219412002049,1,2,47.0
2051,40219412002048,1,2,47.0
2052,40250014012006,5,7,47.0
2053,40190020005007,5,1,47.0
2055,40132168301008,3,8,47.0
2056,40132168301009,8,3,47.0
2057,40131051033030,8,3,47.0
2058,40190046141006,5,1,47.0
2059,40134208004012,6,3,47.0
2060,40131051033055,8,3,47.0
2061,40136112002008,8,9,47.0
2062,40136112002007,8,9,47.0
2063,40136112002006,8,9,47.0
2065,40134201101017,5,3,47.0
2066,40131167293001,7,6,46.0
2068,40210012001036,1,2,46.0
2071,40190044192000,1,2,46.0
2072,40131067011000,9,8,46.0
2073,40130822042027,7,4,46.0
2075,40190041173049,2,5,46.0
2077,40131060031002,9,8,46.0
2079,40131051012032,3,8,46.0
2080,40131051012033,3,8,46.0
2081,40131166103005,8,4,46.0
2082,40130405272014,4,7,46.0
2084,40050015003064,5,7,46.0
2085,40136108002048,9,7,46.0
2088,40190041161000,5,2,46.0
2089,40190043101008,1,2,46.0
2091,40131056021007,8,9,46.0
2092,40190046183015,5,1,46.0
2093,40136107004039,5,8,46.0
2094,40136107004041,5,8,46.0
2095,40130101042015,3,5,46.0
2096,40190041151006,5,2,46.0
2097,40190041151000,5,2,46.0
2098,40130101043019,3,5,46.0
2099,40131051033031,8,3,46.0
2100,40131121001012,9,4,46.0
2101,40190040622024,5,2,46.0
2102,40136100021024,8,7,46.0
2103,40138160011000,1,6,46.0
2104,40130609023002,4,9,46.0
2105,40131167331034,7,8,46.0
2106,40136115004014,9,8,46.0
2108,40137233041254,7,2,46.0
2109,40131138002001,8,3,46.0
2110,40210008021226,1,2,46.0
2111,40210008021223,1,2,46.0
2112,40131112041026,3,8,46.0
2114,40210003161059,1,6,46.0
2116,40190005024008,2,1,46.0
2117,40190005024009,2,1,46.0
2118,40136112002009,8,9,46.0
2119,40250016052039,7,5,45.0
2120,40190041161027,5,2,45.0
2121,40136107004040,8,5,45.0
2122,40131166162019,8,9,44.0
2124,40210008023212,2,1,44.0
2125,40132168294029,3,5,44.0
2126,40132168294028,5,3,44.0
2127,40130610582067,4,7,44.0
2128,40050015002004,5,7,44.0
2129,40131032091018,3,8,44.0
2130,40190044222014,2,1,42.0
2132,40131111001023,8,3,42.0
2133,40134214004003,3,6,42.0
2134,40132168293017,5,3,42.0
2135,40131032152022,3,8,41.0
2137,40136108002034,7,9,41.0
2139,40131167142000,7,6,41.0
2140,40131167132002,7,6,41.0
2141,40130506112042,4,7,41.0
2142,40210008021220,2,1,41.0
2148,40136100022052,7,8,41.0
2149,40136108002031,7,8,41.0
2150,40131167142017,7,6,41.0
2152,40136100022049,7,8,41.0
2153,40130506142008,7,4,41.0
2154,40134201101000,5,3,41.0
2155,40136100022053,7,8,41.0
2156,40134202143001,6,3,41.0
2157,40130405331000,9,4,41.0
2158,40134226251014,3,6,41.0
2159,40138160012037,6,1,41.0
2160,40130506201040,4,7,41.0
2161,40130610582056,4,7,41.0
2162,40130610582055,4,7,41.0
2163,40130506142035,4,7,41.0
2164,40130506142033,4,7,41.0
2165,40131042264018,9,8,41.0
2167,40131056012017,8,9,41.0
2171,40134202131000,6,3,41.0
2173,40134202142008,6,3,41.0
2174,40134202142009,6,3,41.0
2179,40131139001022,8,3,41.0
2180,40131139001023,8,3,41.0
2181,40131139001024,8,3,41.0
2183,40134209012000,3,6,41.0
2186,40134201081042,5,3,41.0
2187,40131117004004,8,9,41.0
2189,40133199033009,3,6,41.0
2190,40134226404039,6,3,41.0
2191,40131051012016,8,3,41.0
2192,40131051012017,3,8,41.0
2193,40131051012030,8,3,41.0
2197,40050013023115,7,5,41.0
2198,40050013023113,7,5,41.0
2199,40050013023116,7,5,41.0
2203,40131129004015,8,9,41.0
2204,40131051033037,8,3,41.0
2210,40210021071000,1,2,41.0
2211,40210008021221,1,2,41.0
2214,40131065011005,9,8,41.0
2216,40131166204000,7,4,41.0
2219,40134202144018,6,3,41.0
2221,40133200022004,7,8,41.0
2222,40133200021009,8,7,41.0
2223,40132168302016,8,3,41.0
2224,40138130001036,1,2,41.0
2225,40131042054008,9,8,41.0
2226,40210021061022,1,2,41.0
2227,40210008021217,1,2,41.0
2228,40131051033039,3,8,41.0
2229,40134210021001,6,3,41.0
2236,40190037063004,2,5,41.0
2237,40131144021009,9,8,41.0
2238,40136161003000,8,9,41.0
2239,40136161001000,8,9,41.0
2241,40131129004004,8,9,41.0
2246,40130608022013,9,4,41.0
2248,40136107002038,8,5,39.0
2249,40130405231033,9,4,39.0
2250,40130405321056,4,9,39.0
2251,40210020013002,2,1,39.0
2252,40138160021003,1,6,39.0
2254,40134226253005,6,3,39.0
2255,40210003112035,3,1,39.0
2256,40210003112036,3,1,39.0
2257,40210003111043,3,1,39.0
2258,40210003111005,3,1,39.0
2259,40210003111003,3,1,39.0
2260,40210003111002,3,1,39.0
2261,40138104001000,6,7,39.0
2263,40131167311026,8,7,39.0
2264,40131121001007,9,4,39.0
2265,40190044301054,2,1,39.0
2267,40190020004008,1,5,36.0
2276,40190024001005,5,2,36.0
2282,40190035023025,1,5,36.0
2285,40190044043002,2,1,36.0
2286,40190044043001,1,2,36.0
2287,40190044043003,2,1,36.0
2291,40190006002017,1,2,36.0
2297,40190003002011,2,1,36.0
2299,40210020041003,2,1,36.0
2300,40210020041004,2,1,36.0
2302,40131044012004,9,8,36.0
2303,40131117003007,8,9,36.0
2304,40133197071004,3,7,36.0
2306,40130405383043,7,4,33.0
2309,40130405351000,9,7,33.0
2310,40130405354052,7,9,33.0
2311,40130506142025,4,7,33.0
2312,40210008021202,1,2,33.0
2313,40210020041090,1,2,33.0
2314,40190005021000,2,1,33.0
2315,40190005021001,2,1,33.0
2316,40199803001052,2,5,33.0
2319,40190054003053,1,2,33.0
2320,40190054003054,1,2,33.0
2323,40190040732001,5,2,33.0
2324,40190040813016,5,2,33.0
2325,40190022021018,5,1,33.0
2327,40159534042000,7,2,22.0
2329,40059451002037,5,7,22.0
2330,40130506131031,4,7,22.0
2331,40059451001084,7,5,22.0
2332,40134201071015,5,3,22.0
2333,40134201071024,5,3,22.0
2335,40131041001001,8,9,22.0
2337,40138104003000,7,6,22.0
2338,40138104001015,6,7,22.0
2339,40130506042116,7,2,22.0
2340,40130506042113,2,7,22.0
2342,40130506193052,4,7,22.0
2343,40131138006003,8,3,22.0
2344,40131138006002,3,8,22.0
2345,40131138006011,8,3,22.0
2347,40136125002004,5,8,22.0
2348,40190004022033,2,1,22.0
2349,40190004021024,2,1,22.0
2350,40190040622017,2,5,22.0
2352,40190041172000,5,2,22.0
2354,40190046181000,5,1,22.0
2355,40190046172005,5,1,22.0
2356,40190046183000,5,1,22.0
2357,40250016052036,5,7,22.0
2358,40250016052037,5,7,22.0
2360,40190054001009,1,2,22.0
2361,40190047131021,1,5,22.0
2362,40190054001003,1,2,22.0
2363,40131112012001,3,8,22.0
2365,40134205042018,6,3,22.0
2366,40134205042019,6,3,22.0
2372,40210003071007,5,3,22.0
2373,40050015001008,7,5,22.0
2374,40138176003016,1,6,22.0
2375,40130405354056,7,9,22.0
2376,40050015001000,5,7,22.0
2377,40131166112081,7,8,22.0
2378,40131166112079,8,7,22.0
2379,40131166112080,7,8,22.0
2381,40130506132039,4,7,22.0
2382,40133197071003,8,3,22.0
2387,40131067031007,9,8,18.0
2388,40131138007033,3,8,18.0
2390,40210020013006,2,1,18.0
2392,40131130002024,8,9,18.0
2393,40131130002025,8,9,18.0
2394,40131130002028,8,9,18.0
2395,40130405391022,7,4,18.0
2396,40130405391025,4,7,18.0
2399,40130405361000,9,4,18.0
2400,40131166212020,4,7,18.0
2401,40131095003003,9,4,18.0
2403,40130405391037,4,7,18.0
2404,40130405391038,4,7,18.0
2405,40130405354026,9,7,18.0
2411,40250014011002,5,7,18.0
2412,40190040622025,2,5,18.0
2415,40159548024518,7,2,18.0
2416,40159548024517,7,2,18.0
2417,40159548024519,7,2,18.0
2419,40139413002082,5,3,18.0
2427,40131144021008,8,9,17.0
2431,40132168223040,5,8,17.0
2432,40138100001038,7,6,17.0
2433,40136124022000,8,5,17.0
2437,40134226322020,3,6,17.0
2438,40210024001000,1,5,17.0
2445,40190043332000,1,2,17.0
2446,40190041312000,5,2,17.0
2448,40190021003014,5,1,17.0
2453,40190024003008,5,2,17.0
2456,40190003002047,1,2,17.0
2457,40199803001028,5,1,17.0
2462,40190020001020,5,1,17.0
2463,40131166112078,8,7,17.0
2464,40131167331031,8,7,17.0
2466,40130610316002,7,4,17.0
2468,40131083012008,3,8,17.0
2469,40131032092005,8,3,17.0
2470,40131032092004,8,3,17.0
2471,40131051012000,8,3,17.0
2472,40130405063010,9,4,17.0
2474,40131166121032,4,8,17.0
2475,40131166121031,8,4,17.0
2481,40130405391024,4,7,17.0
2482,40131173002002,8,9,17.0
2483,40131173002003,8,9,17.0
2484,40133201001048,3,8,17.0
2485,40133197101000,8,3,17.0
2486,40134226321006,6,3,17.0
2487,40136125002019,8,5,17.0
2488,40136125002000,8,5,17.0
2489,40130304011057,5,8,17.0
2490,40131129001028,8,9,17.0
2491,40131130002027,8,9,17.0
2492,40130608014031,9,4,17.0
2493,40130715051028,9,4,17.0
2495,40137233041210,2,7,17.0
2498,40190041154000,5,2,17.0
2500,40190041154007,2,5,17.0
2503,40190003001000,2,1,17.0
2504,40190003001011,2,1,17.0
2505,40131043021005,9,8,17.0
2506,40131043022000,9,8,17.0
2507,40131042054000,9,8,17.0
2508,40050015003105,5,7,17.0
2509,40050015003106,5,7,17.0
2511,40131162022001,3,8,17.0
2512,40131162022002,3,8,17.0
2513,40139413002083,5,3,17.0
2514,40139413002079,3,5,17.0
2524,40190046183012,1,5,17.0
2525,40190046183013,1,5,17.0
2526,40190046183014,1,5,17.0
2529,40190002003003,1,2,17.0
2530,40190003002045,1,2,17.0
2531,40190002003006,2,1,17.0
2532,40131173001023,9,4,17.0
2534,40130931061005,9,4,17.0
2535,40130405392041,4,7,17.0
2536,40130405392003,7,4,17.0
2539,40159548024388,7,2,17.0
2541,40131169001048,9,4,17.0
2543,40134226253013,6,3,17.0
2545,40130506193050,7,4,17.0
2546,40190028012007,1,5,17.0
2547,40190028012005,5,1,17.0
2548,40190008001000,2,1,17.0
2550,40190054001053,1,2,17.0
2552,40134226602000,3,6,17.0
2554,40131051033045,3,8,17.0
2555,40131166101019,7,4,17.0
2558,40210022001063,1,5,17.0
2559,40210022001062,5,1,17.0
2560,40131167281006,8,7,17.0
2561,40133197071007,8,3,17.0
2562,40133197071007,3,7,17.0
2565,40130405354022,9,7,17.0
2566,40130405354023,9,7,17.0
2567,40130405354041,9,7,17.0
2568,40130405391010,4,7,17.0
2569,40131166112077,8,7,17.0
2571,40136100021050,7,8,17.0
2575,40132168402018,5,8,17.0
2576,40132168402018,8,3,17.0
2577,40210003251037,6,3,17.0
2578,40134205042023,6,3,17.0
2580,40130405362001,4,9,17.0
2581,40131113004000,3,8,17.0
2588,40131032121002,8,3,17.0
2593,40250014021000,7,5,17.0
2594,40190006004009,5,1,17.0
2599,40190044041019,1,2,17.0
2601,40190018011003,1,5,17.0
2602,40190043101019,2,1,17.0
2603,40190043101023,2,1,17.0
2605,40190035053001,5,1,17.0
2610,40159528012018,2,7,17.0
2611,40159528012036,7,2,17.0
2615,40130405272017,4,7,17.0
2617,40131166101023,7,4,17.0
2618,40131093001012,9,4,17.0
2619,40134201072006,5,3,17.0
2620,40133199031000,3,6,17.0
2624,40050015002003,5,7,17.0
2625,40137233061118,2,7,17.0
2627,40132168302013,3,8,17.0
2628,40134226602002,6,3,17.0
2630,40131138007030,3,8,17.0
2631,40131138007031,3,8,17.0
2633,40136100021095,7,8,17.0
2635,40131125182077,7,4,17.0
2636,40134226511000,3,6,17.0
2637,40210003161051,1,6,17.0
2639,40210023001019,1,5,17.0
2640,40131039004025,9,8,17.0
2641,40050015003065,5,7,17.0
2643,40050015003074,7,5,17.0
2644,40159532001023,7,2,17.0
2646,40159532001016,7,2,17.0
2650,40250016053053,5,7,17.0
2652,40190054001012,2,1,17.0
2655,40190003001003,2,1,17.0
2656,40190003001002,2,1,17.0
2657,40190003001004,2,1,17.0
2658,40190003002000,2,1,17.0
2670,40130405121017,4,7,17.0
2671,40137233071013,4,7,17.0
2672,40137233071020,4,7,17.0
2673,40130405361001,4,9,17.0
2680,40136100011001,8,7,17.0
2681,40131167311025,8,7,17.0
2690,40131032094026,8,3,17.0
2691,40134210012013,3,6,17.0
2692,40131032052021,3,8,17.0
2693,40131163003018,3,8,17.0
2695,40190004011006,2,1,17.0
2696,40190043101024,2,1,17.0
2700,40190028022001,1,5,17.0
2701,40190046141000,1,5,17.0
2704,40139410002000,7,6,17.0
2705,40210019001111,1,2,17.0
2706,40210019001112,1,2,17.0
2710,40210008021222,1,2,17.0
2711,40134222261000,3,6,17.0
2712,40131166123005,8,4,17.0
2714,40210008021300,1,2,17.0
2716,40134226521034,6,1,17.0
2717,40132168223016,5,8,17.0
2718,40132168223015,5,8,17.0
2719,40130405383024,4,9,17.0
2720,40130927212002,4,9,17.0
2721,40138134004031,2,1,17.0
2722,40138134004032,2,1,17.0
2724,40131166192006,4,7,17.0
2725,40131166192000,4,7,17.0
2728,40219413001027,2,7,17.0
2730,40136133001074,8,3,17.0
2731,40136133001076,3,8,17.0
2732,40250014011040,5,7,17.0
2736,40190022012011,2,5,17.0
2737,40190024003032,2,5,17.0
2743,40190040732007,2,5,17.0
2744,40131144022041,8,9,17.0
2746,40130405321092,9,4,17.0
2747,40130405064030,4,9,17.0
2748,40134222232008,3,6,17.0
2749,40134222251002,6,3,17.0
2753,40136152022009,8,3,17.0
2760,40131051033044,3,8,17.0
2761,40131051033041,3,8,17.0
2762,40130506181001,4,7,17.0
2770,40190022022004,2,5,17.0
2771,40190022021028,1,2,17.0
2773,40131112013006,8,3,17.0
2777,40138160031014,1,6,17.0
2778,40138160011020,6,1,17.0
2781,40130608014001,9,4,17.0
2782,40130304023072,8,5,17.0
2783,40130304023073,8,5,17.0
2784,40130506131025,4,7,17.0
2790,40210008023116,1,2,17.0
2791,40210008023112,2,1,17.0
2793,40134202144013,6,3,17.0
2798,40131041001000,8,9,17.0
2799,40130608011019,4,9,17.0
2801,40130506031249,2,7,17.0
2802,40137233061171,7,2,17.0
2803,40190020001021,5,1,17.0
2805,40190028012027,1,5,17.0
2806,40190028012028,1,5,17.0
2807,40131167142018,7,6,17.0
2809,40138160031003,6,1,17.0
2811,40130405391009,4,7,17.0
2812,40130405395002,4,9,17.0
2813,40130405395002,9,7,17.0
2814,40137233041276,2,7,17.0
2815,40137233061003,2,7,17.0
2817,40130610433021,4,9,17.0
2818,40130610433023,4,9,17.0
2819,40131166192087,8,7,17.0
2823,40210003161058,1,6,17.0
2824,40210003161061,1,6,17.0
2826,40131166112019,7,8,17.0
2830,40135228021017,6,1,17.0
2831,40136100011042,7,8,17.0
2832,40136100021027,7,8,17.0
2834,40250015012006,5,7,17.0
2838,40190035042018,1,5,17.0
2839,40190044301001,1,2,17.0
2844,40190035061010,1,5,17.0
2849,40190046172003,1,5,17.0
2855,40190001002000,1,2,17.0
2856,40190001002005,1,2,17.0
2858,40138156024012,1,6,17.0
2859,40131167331042,7,8,17.0
2864,40138159021033,1,6,17.0
2865,40138159021034,6,1,17.0
2868,40138134004027,1,2,17.0
2871,40190001002001,1,2,17.0
2873,40250015011013,5,7,17.0
2878,40131138007008,3,8,17.0
2879,40210003162009,1,6,17.0
2880,40210003162008,1,6,17.0
2881,40210003162011,6,1,17.0
2882,40133199031008,6,3,17.0
2883,40210022002025,1,5,17.0
2884,40138152012004,1,6,17.0
2886,40134201071023,5,3,17.0
2887,40219412004064,1,2,17.0
2889,40138160031016,6,1,17.0
2890,40138160031015,6,1,17.0
2892,40138160012038,1,6,17.0
2895,40190044221025,1,2,17.0
2898,40190046183016,5,1,17.0
2899,40190044252000,2,1,17.0
2900,40130506203081,4,7,17.0
2905,40136108002037,7,9,17.0
2907,40130506112007,4,7,17.0
2910,40138128011017,1,6,17.0
2911,40131138006010,8,3,17.0
2912,40137233041275,7,2,17.0
2913,40190004011007,2,1,17.0
2914,40190046172000,1,5,17.0
2915,40138124002017,6,1,17.0
2916,40131051033047,3,8,17.0
2918,40137233041094,7,2,17.0
2921,40210003161032,3,1,17.0
2922,40131166111026,7,8,17.0
2923,40190024003000,2,5,17.0
2924,40190041173020,5,2,17.0
2926,40130927203001,4,9,17.0
2929,40210002042000,6,1,17.0
2935,40130506093021,4,7,17.0
2936,40137233041217,2,7,17.0
2937,40137233041215,7,2,17.0
2938,40130405331045,9,4,17.0
2939,40130506203166,4,7,17.0
2941,40130506093017,4,7,17.0
2942,40131167272017,8,7,17.0
2943,40131167312016,7,8,17.0
2946,40130927203008,4,9,17.0
2947,40219412002037,2,1,17.0
2949,40138128012009,6,1,17.0
2950,40210003161052,6,1,17.0
2951,40130405383038,4,7,17.0
2952,40136100021049,7,8,17.0
2953,40130405352022,9,4,17.0
2955,40131130002013,9,8,17.0
2956,40131130002000,9,8,17.0
2957,40210012001162,1,2,17.0
2960,40050015003083,5,7,17.0
2962,40130506042163,7,2,17.0
2964,40130506042167,2,7,17.0
2966,40139410002033,7,2,17.0
2968,40190003002039,2,1,17.0
2975,40134213022002,6,3,17.0
2977,40131051033038,3,8,17.0
2978,40130927203017,9,4,17.0
2979,40130927203007,9,4,17.0
2980,40130405371000,7,9,17.0
2981,40130927203002,4,9,17.0
2982,40130927212003,4,9,17.0
2983,40138152012000,1,6,17.0
2984,40132168302015,8,3,17.0
2985,40132168302014,3,8,17.0
2987,40130715051037,9,4,17.0
2988,40134226602003,6,3,17.0
2990,40130405064000,4,9,17.0
2993,40190004012036,1,2,17.0
2994,40250016053029,7,5,17.0
2995,40159548024379,7,2,17.0
2997,40131138006049,8,3,17.0
2998,40131172002042,3,8,17.0
2999,40136107001052,8,5,17.0
3003,40131172001000,8,3,17.0
3005,40130405331004,4,9,17.0
3007,40210008021303,1,2,17.0
3008,40131129004021,8,9,17.0
3012,40131079002004,8,3,17.0
3013,40130405321037,9,4,17.0
3014,40131166121040,8,4,17.0
3017,40250014012036,5,7,17.0
3018,40190025091028,5,2,17.0
3027,40130506031230,2,7,17.0
3028,40130405283001,4,7,17.0
3029,40131067011004,9,8,17.0
3031,40133199054000,7,6,17.0
3033,40210022001107,1,5,13.0
3034,40130927203005,4,9,13.0
3037,40130405371021,9,7,13.0
3038,40130405362000,9,4,13.0
3040,40190041172006,5,2,13.0
3042,40132168311014,3,8,13.0
3044,40134226522026,6,3,13.0
3045,40130506203168,4,7,13.0
3046,40137233041216,2,7,13.0
3048,40136107004001,5,8,13.0
3049,40190040614055,5,2,13.0
3051,40190041093001,2,5,13.0
3052,40190041173019,2,5,13.0
3053,40190005013017,2,1,13.0
3054,40130304023074,8,5,13.0
3055,40130304023075,8,5,13.0
3056,40136107002037,8,5,13.0
3059,40131166192078,7,8,13.0
3061,40130101042025,3,5,12.0
3067,40136100022048,7,8,12.0
3069,40136125002018,5,8,12.0
3078,40190040611023,2,5,12.0
3079,40190040611019,5,2,12.0
3083,40190008001120,1,2,12.0
3092,40190003001001,1,2,12.0
3099,40131162033024,3,8,12.0
3100,40130506203154,7,4,12.0
3101,40130506203153,4,7,12.0
3104,40130927203004,4,9,12.0
3105,40130927203000,4,9,12.0
3107,40130304023078,5,8,12.0
3121,40131129004010,9,8,12.0
3122,40131138002005,8,3,12.0
3123,40130506042105,7,2,12.0
3124,40137233061008,2,7,12.0
3125,40130506042101,7,2,12.0
3128,40130405362049,4,9,12.0
3129,40131138006009,8,3,12.0
3130,40137233041090,2,7,12.0
3132,40250014011053,7,5,12.0
3135,40250016053030,5,7,12.0
3140,40059451002031,5,7,12.0
3142,40130405391013,7,4,12.0
3143,40130405391014,7,4,12.0
3145,40131040001000,9,8,12.0
3146,40131040002000,9,8,12.0
3148,40131051033057,8,3,12.0
3149,40136125002005,8,5,12.0
3151,40131166112074,7,8,12.0
3152,40210012001168,1,2,12.0
3153,40131162022003,8,3,12.0
3154,40136108002042,9,7,12.0
3155,40210020052065,2,1,12.0
3160,40190043101028,2,1,12.0
3161,40190006004035,1,5,12.0
3163,40190044313049,1,2,12.0
3166,40130506203018,4,7,12.0
3167,40130506203019,4,7,12.0
3168,40130506203017,4,7,12.0
3169,40210019001110,1,2,12.0
3171,40131036091014,9,8,12.0
3175,40130609012000,4,9,12.0
3182,40130405321036,9,4,12.0
3183,40130405321038,9,4,12.0
3186,40131166112088,7,8,12.0
3187,40131166112089,7,8,12.0
3190,40134226232025,1,6,12.0
3191,40134226522003,3,6,12.0
3193,40190041122026,5,2,12.0
3194,40190003002038,2,1,12.0
3197,40131166053003,7,4,12.0
3198,40131166053006,7,4,12.0
3201,40190046141005,1,5,12.0
3203,40132168311015,3,8,12.0
3204,40130609022000,9,4,12.0
3207,40130610582068,7,4,12.0
3208,40139809001005,7,4,12.0
3209,40136108002035,7,9,12.0
3210,40136108002033,7,8,12.0
3211,40190020005000,5,1,12.0
3214,40210024003120,5,1,12.0
3217,40131094012001,9,4,12.0
3221,40190003002044,1,2,12.0
3224,40138160011019,6,1,12.0
3225,40130610316004,7,4,12.0
3227,40131051012034,8,3,12.0
3228,40131051031000,8,3,12.0
3229,40131051012039,8,3,12.0
3232,40133197091021,3,8,12.0
3241,40134226521028,6,1,12.0
3243,40134202143035,6,3,12.0
3244,40190047105014,1,5,12.0
3248,40138148012003,1,6,12.0
3249,40131162033021,3,8,12.0
3250,40059451002020,5,7,12.0
3252,40190028012004,1,5,12.0
3255,40130609013000,4,9,12.0
3256,40130405272012,4,7,12.0
3258,40130405331003,4,9,12.0
3260,40137233071000,7,4,12.0
3261,40130304011060,5,8,12.0
3262,40219412002036,1,2,12.0
3263,40199803001027,5,1,12.0
3264,40190027033001,5,1,12.0
3265,40190044231012,1,2,12.0
3266,40250015011014,7,5,12.0
3267,40190005021002,2,1,12.0
3271,40190041093002,5,2,12.0
3272,40190041093003,5,2,12.0
3273,40190040614053,5,2,12.0
3275,40210023001197,5,1,12.0
3276,40210003163050,6,1,12.0
3277,40130506202047,7,4,12.0
3278,40131051012031,8,3,12.0
3280,40130405291000,4,7,12.0
3281,40130405121018,7,4,12.0
3282,40219412002069,2,1,12.0
3283,40210003071016,5,3,12.0
3286,40130405383047,4,7,12.0
3288,40210012001073,1,2,12.0
3293,40190054003051,2,1,12.0
3295,40131144022039,8,9,12.0
3296,40138158003002,1,6,12.0
3297,40138160012000,1,6,12.0
3299,40137233041092,7,2,12.0
3300,40136107004003,8,5,12.0
3307,40131167293014,7,6,12.0
3308,40250015012004,7,5,12.0
3313,40131032104012,8,3,12.0
3314,40131032104000,8,3,12.0
3316,40210003111037,3,1,12.0
3317,40134226522002,3,6,12.0
3320,40190006004036,5,1,12.0
3323,40138176003009,6,1,12.0
3324,40138148021000,6,1,12.0
3325,40133197082000,3,8,12.0
3326,40130506115001,7,4,12.0
3327,40130506142007,7,4,12.0
3329,40137233041226,2,7,12.0
3330,40210017011018,7,2,12.0
3333,40250014011031,7,5,12.0
3335,40190041173022,5,2,12.0
3337,40131162033022,8,3,12.0
3338,40131162033023,3,8,12.0
3344,40136151002014,8,3,12.0
3346,40130609011000,4,9,12.0
3347,40190041161006,5,2,12.0
3351,40136112002011,9,8,12.0
3356,40131172002041,3,8,12.0
3357,40136100021023,7,8,12.0
3358,40190046171026,1,5,12.0
3361,40130101032128,3,5,12.0
3363,40219412002049,2,1,12.0
3364,40219412002048,2,1,12.0
3366,40250014012006,7,5,12.0
3374,40138158003000,1,6,12.0
3375,40132168301008,8,3,12.0
3376,40132168301009,3,8,12.0
3377,40190046141006,1,5,12.0
3378,40136112002008,9,8,12.0
3379,40136112002007,9,8,12.0
3380,40136112002006,9,8,12.0
3382,40134201101017,3,5,12.0
3385,40210012001037,1,2,12.0
3389,40190044301000,1,2,12.0
3390,40190044192000,2,1,12.0
3398,40131067011000,8,9,12.0
3401,40130822042027,4,7,12.0
3405,40131032104001,8,3,12.0
3414,40130506203152,4,7,12.0
3415,40131051012032,8,3,12.0
3416,40131051012033,8,3,12.0
3417,40131166103005,4,8,12.0
3420,40050015003064,7,5,12.0
3423,40136108002048,7,9,12.0
3431,40190041161000,2,5,12.0
3434,40190043101008,2,1,12.0
3439,40136100021028,7,8,12.0
3441,40190028012012,1,5,12.0
3442,40190046183015,1,5,12.0
3443,40136107004039,8,5,12.0
3444,40136107004041,8,5,12.0
3445,40130101042015,5,3,12.0
3447,40190041151006,2,5,12.0
3448,40190041151000,2,5,12.0
3449,40219413001185,2,7,12.0
3450,40131051033031,3,8,12.0
3451,40131121001012,4,9,10.0
3452,40190040622024,2,5,10.0
3453,40136100021024,7,8,10.0
3454,40130405321029,9,4,10.0
3455,40138160011000,6,1,10.0
3456,40131138002003,3,8,10.0
3459,40137233041254,2,7,10.0
3460,40131138002001,3,8,10.0
3461,40210008021225,1,2,10.0
3462,40210008021226,2,1,10.0
3463,40131112041026,8,3,10.0
3464,40210003071097,3,5,10.0
3468,40190005024009,1,2,10.0
3469,40136112002009,9,8,10.0
3471,40190041161027,2,5,10.0
3472,40250014012040,7,5,10.0
3473,40136107004040,5,8,10.0
3476,40210008023212,1,2,10.0
3478,40130610582067,7,4,10.0
3479,40050015002004,7,5,10.0
3481,40131032091018,8,3,10.0
3485,40190047252013,5,1,10.0
3486,40131111001023,3,8,10.0
3487,40134214004003,6,3,10.0
3488,40136100021020,7,8,10.0
3489,40136100021021,7,8,10.0
3490,40132168293017,3,5,10.0
3494,40136108002034,9,8,10.0
3495,40136100021019,7,8,10.0
3496,40131138007019,3,8,10.0
3498,40131167142000,6,7,10.0
3502,40136108002031,8,7,10.0
3503,40131167142017,6,7,10.0
3504,40131043022001,9,8,10.0
3510,40130506142008,4,7,10.0
3513,40134201101000,3,5,10.0
3516,40134202143001,3,6,10.0
3517,40130405331000,4,9,10.0
3518,40134226251014,6,3,10.0
3519,40138160012037,1,6,10.0
3521,40130610582056,7,4,10.0
3522,40130610582055,7,4,10.0
3523,40130506142035,7,4,10.0
3524,40130506142033,7,4,10.0
3529,40134202131000,3,6,10.0
3530,40134202142008,3,6,10.0
3531,40134202142009,3,6,10.0
3536,40131139001022,3,8,10.0
3537,40131139001023,3,8,10.0
3538,40131139001024,3,8,10.0
3540,40134209012000,6,3,10.0
3543,40134201081042,3,5,10.0
3545,40131117004004,9,8,10.0
3554,40133199033009,6,3,10.0
3555,40134226404039,3,6,10.0
3556,40059451002076,5,7,10.0
3557,40131051012016,3,8,10.0
3558,40131051012017,8,3,10.0
3562,40050013023113,5,7,10.0
3563,40050013023116,5,7,10.0
3567,40131167331030,8,7,10.0
3568,40132168301011,3,8,10.0
3569,40132168301010,3,8,10.0
3570,40131051033037,3,8,10.0
3573,40136108002043,9,7,10.0
3584,40131166204000,4,7,10.0
3590,40131086012000,8,9,10.0
3594,40133200022004,8,7,10.0
3595,40133200022005,8,7,10.0
3596,40133200021009,7,8,10.0
3597,40136100022069,7,8,10.0
3598,40136100021094,7,8,10.0
3599,40132168302016,3,8,10.0
3600,40138130001036,2,1,10.0
3601,40131042054008,8,9,10.0
3602,40131042054007,8,9,10.0
3603,40210008021217,2,1,10.0
3605,40190037063004,5,2,10.0
3609,40136143001015,8,9,10.0
3610,40138131001001,1,6,10.0
3614,40138104003001,6,7,10.0
3616,40130608022013,4,9,10.0
3618,40130405231033,4,9,10.0
3619,40130405321056,9,4,10.0
3621,40134226253008,6,3,10.0
3623,40210003111005,1,3,10.0
3625,40210003111002,1,3,10.0
3626,40138104001000,7,6,10.0
3627,40210003153034,3,1,10.0
3635,40190044043001,2,1,10.0
3644,40190041181075,5,2,10.0
3646,40190003002011,1,2,10.0
3651,40134222213004,6,3,10.0
3652,40210020041003,1,2,10.0
3653,40210020041004,1,2,10.0
3654,40210020041002,1,2,10.0
3657,40133197071004,7,3,10.0
3659,40138100001037,7,6,10.0
3660,40130927111019,9,4,10.0
3664,40130506142025,7,4,10.0
3665,40210008021203,1,2,10.0
3666,40210008021202,2,1,10.0
3667,40210019001113,1,2,10.0
3669,40250016053054,5,7,10.0
3670,40190040732008,2,5,10.0
3673,40190054003053,2,1,10.0
3677,40190022021018,1,5,10.0
3682,40059451002037,7,5,10.0
3683,40059451003117,5,7,10.0
3684,40130506131031,7,4,10.0
3685,40130506203024,7,4,10.0
3686,40134201071015,3,5,10.0
3687,40134201071024,3,5,10.0
3689,40131041002000,9,8,10.0
3690,40131041002011,9,8,10.0
3691,40138104003000,6,7,10.0
3692,40138104001015,7,6,10.0
3693,40130506042113,7,2,10.0
3694,40130927203009,4,9,10.0
3695,40130506193052,7,4,10.0
3697,40130610421016,4,9,10.0
3698,40131138006003,3,8,10.0
3699,40131138006002,8,3,10.0
3700,40131138006011,3,8,10.0
3701,40131138006004,8,3,10.0
3702,40136125002004,8,5,10.0
3703,40190004022032,2,1,10.0
3704,40190004021024,1,2,10.0
3705,40190040812029,5,2,10.0
3706,40190040622017,5,2,10.0
3708,40190041172000,2,5,10.0
3710,40190046181000,1,5,10.0
3711,40190046172005,1,5,10.0
3712,40190046183000,1,5,10.0
3713,40250016052037,7,5,10.0
3715,40190054001009,2,1,10.0
3716,40190054001002,1,2,10.0
3717,40190054001011,2,1,10.0
3718,40190025093000,2,1,10.0
3719,40190054001008,2,1,10.0
3720,40190046141016,1,5,10.0
3721,40190040812028,5,2,10.0
3722,40138159023001,6,1,10.0
3724,40134205042019,3,6,10.0
3729,40138176003016,6,1,10.0
3730,40130405354056,9,7,10.0
3731,40050015001001,5,7,10.0
3732,40050015003107,5,7,10.0
3733,40050015001002,5,7,10.0
3737,40131166112079,7,8,10.0
3738,40131166112080,8,7,10.0
3739,40130506132038,4,7,10.0
3741,40130506132039,7,4,10.0
3742,40133197071009,8,3,10.0
3743,40133197081003,3,8,10.0
3744,40133197071008,8,3,10.0
3745,40133197071008,3,7,10.0
3750,40131172002040,3,8,10.0
3751,40131152003000,3,8,10.0
3755,40130506203027,7,4,10.0
3757,40131138007033,8,3,10.0
3759,40210020013006,1,2,10.0
3760,40210020013007,1,2,10.0
3763,40131130002024,9,8,10.0
3764,40131130002025,9,8,10.0
3765,40131130002028,9,8,10.0
3769,40130405391022,4,7,10.0
3770,40130405391015,7,4,10.0
3771,40130405391023,4,7,10.0
3772,40133200071015,7,3,10.0
3774,40130405361000,4,9,10.0
3775,40131166212020,7,4,10.0
3776,40138159023000,6,1,10.0
3777,40131095003003,4,9,10.0
3779,40130405391037,7,4,10.0
3780,40130405391038,7,4,10.0
3781,40130405354026,7,9,10.0
3787,40250014011002,7,5,10.0
3788,40190040622025,5,2,10.0
3790,40159548024518,2,7,10.0
3791,40159548024517,2,7,10.0
3796,40132168223040,8,5,10.0
3797,40138100001038,6,7,10.0
3798,40136124022000,5,8,10.0
3804,40134226322020,6,3,10.0
3805,40131166121041,8,4,10.0
3806,40210024001000,5,1,10.0
3807,40210024003039,5,1,10.0
3813,40190043332000,2,1,10.0
3816,40190024003008,2,5,10.0
3817,40190040611022,2,5,10.0
3821,40190020001020,1,5,10.0
3822,40131166112078,7,8,10.0
3826,40131032092005,3,8,10.0
3827,40131032092004,3,8,10.0
3828,40131051012000,3,8,10.0
3830,40130405141000,9,4,10.0
3831,40130405063009,9,4,10.0
3832,40130405063010,4,9,10.0
3833,40131162033025,3,8,10.0
3834,40131166121032,8,4,10.0
3835,40131166121031,4,8,10.0
3836,40210003153035,3,1,10.0
3846,40210023001198,5,1,10.0
3847,40210023001204,5,1,10.0
3848,40130405391024,7,4,10.0
3849,40131173002002,9,8,10.0
3850,40131173002003,9,8,10.0
3851,40133201001048,8,3,10.0
3852,40131138002006,8,3,10.0
3854,40130405321058,9,4,10.0
3855,40134226321006,3,6,10.0
3856,40136125002019,5,8,10.0
3857,40136125002000,5,8,10.0
3858,40131129001028,9,8,10.0
3859,40131130002027,9,8,10.0
3860,40131129001029,9,8,10.0
3861,40130715051022,9,4,10.0
3863,40130608014031,4,9,10.0
3864,40130715051028,4,9,10.0
3865,40210003191001,1,6,10.0
3868,40130608021013,4,9,10.0
3870,40137233041210,7,2,10.0
3873,40190041154000,2,5,10.0
3875,40190041154007,5,2,10.0
3884,40131043021004,9,8,10.0
3885,40131042054000,8,9,10.0
3886,40050015003106,7,5,10.0
3887,40050015003114,5,7,10.0
3894,40130506093010,4,7,10.0
3900,40131162022001,8,3,10.0
3901,40131162022002,8,3,10.0
3909,40131166112092,8,7,10.0
3910,40139413002079,5,3,10.0
3912,40131138004018,8,3,10.0
3915,40190046183012,5,1,10.0
3916,40190046183013,5,1,10.0
3917,40190046183014,5,1,10.0
3920,40190003002045,2,1,10.0
3921,40190002003006,1,2,10.0
3922,40138156011018,1,6,10.0
3923,40131173001023,4,9,10.0
3925,40130931061005,4,9,10.0
3926,40130405392041,7,4,10.0
3927,40130405392003,4,7,10.0
3928,40131145003000,4,9,10.0
3931,40159548024388,2,7,10.0
3932,40130405391039,7,4,10.0
3934,40131169001048,4,9,10.0
3935,40134226253013,3,6,10.0
3936,40130506193050,4,7,10.0
3938,40210008021239,1,2,10.0
3939,40131060021003,8,9,10.0
3942,40190054001053,2,1,10.0
3943,40190025093024,2,1,10.0
3944,40134226602000,6,3,10.0
3946,40131051033045,8,3,10.0
3947,40131166101019,4,7,10.0
3948,40131167281006,7,8,10.0
3951,40130405354041,7,9,10.0
3952,40131166112075,7,8,10.0
3954,40136100021051,7,8,10.0
3960,40132168402017,8,3,10.0
3963,40130405362001,9,4,10.0
3964,40131113004000,8,3,10.0
3981,40190021003015,1,5,10.0
3986,40190044041019,2,1,10.0
3988,40190018011003,5,1,10.0
3989,40190043101019,1,2,10.0
3990,40190043101023,1,2,10.0
3994,40159528012018,7,2,10.0
3999,40130506203025,7,4,10.0
4002,40131166101023,4,7,10.0
4003,40131093001012,4,9,10.0
4005,40134201072006,3,5,10.0
4006,40130101021197,5,3,10.0
4007,40133199031000,6,3,10.0
4020,40134202141022,6,3,10.0
4022,40050015002003,7,5,10.0
4023,40137233061118,7,2,10.0
4024,40132168302013,8,3,10.0
4025,40134226602002,3,6,10.0
4028,40131138007032,3,8,10.0
4029,40136100021095,8,7,10.0
4030,40136100021096,8,7,10.0
4033,40134226511000,6,3,10.0
4034,40210003191000,1,6,10.0
4035,40210003191002,1,6,10.0
4037,40210023001019,5,1,10.0
4038,40131044022011,8,9,10.0
4039,40050015003065,7,5,10.0
4040,40050013021057,5,7,10.0
4041,40050015003063,7,5,10.0
4042,40159532001023,2,7,10.0
4044,40159532001016,2,7,10.0
4046,40190044313052,1,2,10.0
4049,40250016053053,7,5,10.0
4053,40190054001001,1,2,10.0
4054,40190003001002,1,2,10.0
4055,40190003001004,1,2,10.0
4056,40190003002000,1,2,10.0
4066,40131096041000,4,9,10.0
4070,40130405121017,7,4,10.0
4071,40137233071013,7,4,10.0
4072,40137233071020,7,4,10.0
4073,40130405361001,9,4,10.0
4076,40136100011001,7,8,10.0
4077,40131167311025,7,8,10.0
4081,40210003251036,3,6,10.0
4082,40131163003018,8,3,10.0
4084,40190043101024,1,2,10.0
4090,40190046141000,5,1,10.0
4094,40139410002000,6,7,10.0
4098,40134226602001,3,6,10.0
4099,40134222261000,6,3,10.0
4100,40130927212008,4,9,10.0
4103,40132168223015,8,5,10.0
4104,40130405383024,9,4,10.0
4105,40138134004023,2,1,10.0
4107,40131166192006,7,4,10.0
4108,40131166192000,7,4,10.0
4112,40050015003062,7,5,10.0
4113,40136133001074,3,8,10.0
4114,40136133001076,8,3,10.0
4116,40250014011040,7,5,10.0
4127,40190047252005,5,1,10.0
4130,40190024001024,5,2,10.0
4132,40190024003032,5,2,10.0
4135,40190040732007,5,2,10.0
4136,40131143021030,8,9,10.0
4138,40130405321092,4,9,10.0
4139,40130405064030,9,4,10.0
4140,40130506031024,2,7,10.0
4141,40134222232008,6,3,10.0
4143,40134222251002,3,6,10.0
4153,40131138006005,8,3,10.0
4154,40136152022008,8,3,10.0
4155,40136152022005,8,3,10.0
4160,40131051033044,8,3,10.0
4161,40131051033041,8,3,10.0
4162,40130506181001,7,4,10.0
4165,40190040622026,2,5,10.0
4175,40190040634020,5,2,10.0
4176,40190022022004,5,2,10.0
4182,40138160031014,6,1,3.0
4185,40130506131025,7,4,3.0
4190,40138134004026,2,1,3.0
4191,40138134004024,2,1,3.0
4192,40210008023116,2,1,3.0
4193,40210008023112,1,2,3.0
4195,40134202144013,3,6,3.0
4199,40131041001000,9,8,3.0
4200,40134201071022,5,3,3.0
4201,40130608011019,9,4,3.0
4203,40130506031249,7,2,3.0
4204,40137233061171,2,7,3.0
4205,40137233061172,2,7,3.0
4206,40190020001021,1,5,3.0
4207,40190020001022,5,1,3.0
4209,40190054001000,1,2,3.0
4210,40190005021003,2,1,3.0
4211,40190028012028,5,1,3.0
4212,40250016052024,5,7,3.0
4213,40131167142018,6,7,3.0
4215,40132168301029,3,8,3.0
4220,40130405395002,7,9,3.0
4221,40137233061002,2,7,3.0
4222,40137233061003,7,2,3.0
4223,40131166192087,7,8,3.0
4226,40210003161061,6,1,3.0
4229,40135228021017,1,6,3.0
4230,40250015012006,7,5,3.0
4232,40190035061010,5,1,3.0
4233,40190046172003,5,1,3.0
4235,40190013022049,1,2,3.0
4236,40190001002005,2,1,3.0
4238,40138156011042,1,6,3.0
4241,40138134004025,2,1,3.0
4244,40138159021033,6,1,3.0
4245,40138159021034,1,6,3.0
4249,40130506115011,7,4,3.0
4250,40130506115004,7,4,3.0
4251,40130506115002,7,4,3.0
4252,40136152011003,8,3,3.0
4258,40138134004028,1,2,3.0
4262,40159534052005,2,7,3.0
4263,40190001002001,2,1,3.0
4264,40250015011013,7,5,3.0
4268,40131138007008,8,3,3.0
4269,40210020052024,2,1,3.0
4270,40133199031008,3,6,3.0
4271,40210022002025,5,1,3.0
4272,40138152012003,1,6,3.0
4273,40138152012002,1,6,3.0
4275,40219412004064,2,1,3.0
4277,40138160031016,1,6,3.0
4278,40138160031015,1,6,3.0
4280,40138160023000,1,6,3.0
4281,40138161004015,1,6,3.0
4284,40190044221025,2,1,3.0
4287,40190025093001,2,1,3.0
4288,40190044252000,1,2,3.0
4291,40136108002037,9,7,3.0
4293,40130506112007,7,4,3.0
4297,40137233041275,2,7,3.0
4298,40130405321035,9,4,3.0
4299,40130405321030,9,4,3.0
4300,40139410002034,7,2,3.0
4301,40219413001192,2,6,3.0
4304,40131066001005,9,8,3.0
4307,40190046172000,5,1,3.0
4308,40190005013016,2,1,3.0
4309,40138124002017,1,6,3.0
4310,40131051033047,8,3,3.0
4313,40131166111026,8,7,3.0
4318,40130506093021,7,4,3.0
4321,40137233041215,2,7,3.0
4322,40130506203166,7,4,3.0
4325,40131086021000,9,8,3.0
4326,40130506093019,4,7,3.0
4327,40130506093016,4,7,3.0
4328,40131167272016,8,7,3.0
4329,40131167312016,8,7,3.0
4331,40130927203008,9,4,3.0
4332,40136108002036,9,8,3.0
4333,40219412002037,1,2,3.0
4337,40138128012009,1,6,3.0
4338,40210003161052,1,6,3.0
4339,40130405383038,7,4,3.0
4340,40130405352023,9,4,3.0
4344,40131167301000,8,7,3.0
4348,40131121002021,4,9,3.0
4350,40131130002000,8,9,3.0
4351,40210020012000,2,1,3.0
4352,40210012001170,1,2,3.0
4355,40130506042163,2,7,3.0
4356,40138100001000,7,6,3.0
4358,40137233061001,2,7,3.0
4359,40130506042167,7,2,3.0
4366,40130405321057,9,4,3.0
4367,40130405321059,9,4,3.0
4370,40190004022031,2,1,3.0
4371,40190020004041,5,1,3.0
4377,40190008001121,1,2,3.0
4379,40190040611005,2,5,3.0
4384,40134213022002,3,6,3.0
4385,40131051033038,8,3,3.0
4386,40130927203007,4,9,3.0
4387,40130405371000,9,7,3.0
4388,40130927203002,9,4,3.0
4389,40130927201000,4,9,3.0
4390,40138176003115,6,1,3.0
4391,40132168302015,3,8,3.0
4392,40132168302014,8,3,3.0
4394,40130715051031,9,4,3.0
4395,40134226602003,3,6,3.0
4397,40130405064000,9,4,3.0
4400,40250014012035,5,7,3.0
4403,40190004012036,2,1,3.0
4404,40250016053029,5,7,3.0
4407,40159548024379,2,7,3.0
4416,40131163003017,3,8,3.0
4417,40131138001001,3,8,3.0
4418,40131138001000,3,8,3.0
4419,40131138001005,3,8,3.0
4420,40130506112001,4,7,3.0
4421,40131138006050,8,3,3.0
4422,40131138006049,3,8,3.0
4423,40136107001052,5,8,3.0
4428,40130610411008,4,9,3.0
4431,40131112031003,8,3,3.0
4432,40131172001000,3,8,3.0
4434,40130405331004,9,4,3.0
4435,40130405321026,9,4,3.0
4439,40210008021200,1,2,3.0
4440,40131129004021,9,8,3.0
4443,40131079002004,3,8,3.0
4445,40131166121040,4,8,3.0
4448,40190025091028,2,5,3.0
4451,40130506031230,7,2,3.0
4453,40130405283001,7,4,3.0
4454,40131067011004,8,9,3.0
4456,40133199054000,6,7,3.0
4459,40130927203005,9,4,3.0
4463,40130405371021,7,9,3.0
4464,40130405362000,4,9,3.0
4466,40190041172006,2,5,3.0
4469,40132168311014,8,3,3.0
4472,40134226522026,3,6,3.0
4474,40130405352000,9,4,3.0
4475,40130506203168,7,4,3.0
4477,40136107004001,8,5,3.0
4478,40190040614055,2,5,3.0
4481,40190041093001,5,2,3.0
4482,40190041173019,5,2,3.0
4484,40131032093002,8,3,3.0
4486,40130405321054,9,4,3.0
4487,40130405321055,9,4,3.0
4488,40130304023074,5,8,3.0
4490,40131166192078,8,7,3.0
4496,40136125002001,5,8,3.0
4500,40190040611023,5,2,3.0
4506,40131162033024,8,3,3.0
4507,40130506203154,4,7,3.0
4508,40130506093004,4,7,3.0
4509,40130506203153,7,4,3.0
4511,40130927203004,9,4,3.0
4512,40130927203000,9,4,3.0
4513,40130304023080,5,8,3.0
4515,40130304023078,8,5,3.0
4518,40131129004010,8,9,3.0
4519,40131138002004,8,3,3.0
4520,40130506042105,2,7,3.0
4521,40137233061008,7,2,3.0
4522,40130506042101,2,7,3.0
4525,40130405362049,9,4,3.0
4526,40137233041090,7,2,3.0
4528,40250014011053,5,7,3.0
4529,40250016053030,7,5,3.0
4533,40059451002031,7,5,3.0
4536,40210003112012,1,3,3.0
4537,40210003112013,1,3,3.0
4538,40130405391013,4,7,3.0
4539,40131040001001,9,8,3.0
4541,40131051033057,3,8,3.0
4542,40136125002005,5,8,3.0
4546,40131162022003,3,8,3.0
4547,40190043101028,1,2,3.0
4548,40190006004035,5,1,3.0
4550,40130506203018,7,4,3.0
4551,40130506203017,7,4,3.0
4552,40210019001110,2,1,3.0
4554,40131166112089,8,7,3.0
4556,40134226232025,6,1,3.0
4558,40190041122026,2,5,3.0
4559,40190003002038,1,2,3.0
4563,40131166053003,4,7,3.0
4564,40131166053006,4,7,3.0
4565,40134201071021,5,3,3.0
4569,40190046141005,5,1,3.0
4570,40132168311015,8,3,3.0
4573,40136108002032,7,8,3.0
4574,40136108002035,9,8,3.0
4575,40136108002035,8,7,3.0
4576,40130608014000,4,9,3.0
4577,40210024003120,1,5,3.0
4580,40131094012001,4,9,3.0
4582,40190003002044,2,1,3.0
4585,40210003112011,1,3,3.0
4586,40138160011019,1,6,3.0
4587,40131051012034,3,8,3.0
4588,40131051031000,3,8,3.0
4589,40131051012039,3,8,3.0
4590,40133197091021,8,3,3.0
4600,40131166101022,4,7,3.0
4608,40134202143035,3,6,3.0
4609,40130506031028,2,7,3.0
4610,40190047105014,5,1,3.0
4612,40190054001007,2,1,3.0
4613,40138148012003,6,1,3.0
4614,40134226232024,6,1,3.0
4615,40131162033021,8,3,3.0
4616,40130608014030,4,9,3.0
4617,40059451002020,7,5,3.0
4620,40131166112062,8,7,3.0
4626,40138159021032,6,1,3.0
4627,40130405331003,9,4,3.0
4628,40131166112093,8,7,3.0
4629,40130304011060,8,5,3.0
4630,40199803001027,1,5,3.0
4631,40190044231012,2,1,3.0
4632,40190040614053,2,5,3.0
4634,40130506031130,7,2,3.0
4635,40130506041108,7,2,3.0
4637,40210023001196,5,1,3.0
4643,40210003191071,6,1,3.0
4644,40210003163050,1,6,3.0
4645,40130506202047,4,7,3.0
4646,40131051012031,3,8,3.0
4648,40130405291000,7,4,3.0
4649,40130405121018,4,7,3.0
4650,40219412002069,1,2,3.0
4651,40210003071016,3,5,3.0
4654,40130405383045,4,7,3.0
4655,40130405383050,7,4,3.0
4657,40210012001073,2,1,3.0
4660,40130405352001,9,4,3.0
4664,40138158003002,6,1,3.0
4665,40138160012000,6,1,3.0
4667,40137233041092,2,7,3.0
4669,40131167293014,6,7,3.0
4670,40250015012004,5,7,3.0
4672,40131032104012,3,8,3.0
4673,40210003111037,1,3,3.0
4674,40134226522002,6,3,3.0
4675,40210008023117,2,1,3.0
4676,40130927232017,9,4,3.0
4679,40190006004036,1,5,3.0
4681,40190003002034,2,1,3.0
4683,40131166111003,7,4,3.0
4686,40130506203167,7,4,3.0
4687,40138148021000,1,6,3.0
4694,40137233041226,7,2,3.0
4695,40190041173022,2,5,3.0
4700,40131162033022,3,8,3.0
4701,40131162033023,8,3,3.0
4704,40210008021197,1,2,3.0
4711,40130609011000,9,4,3.0
4716,40190041161006,2,5,3.0
4726,40136112002011,8,9,3.0
4729,40136100021012,7,8,3.0
4730,40136100021013,7,8,3.0
4731,40130506033136,7,2,3.0
4733,40130506115003,7,4,3.0
4736,40136107002009,5,8,3.0
4738,40136100021022,7,8,3.0
4739,40219412002070,1,2,3.0
4740,40190046171000,1,5,3.0
4741,40190046171026,5,1,3.0
4748,40219412002049,1,2,3.0
4749,40219412002048,1,2,3.0
4751,40132168301008,3,8,3.0
4752,40132168301009,8,3,3.0
4753,40131051033030,3,8,3.0
4754,40190046141006,5,1,3.0
4756,40131051033055,3,8,3.0
4757,40136112002008,8,9,3.0
4758,40136112002007,8,9,3.0
4759,40136112002006,8,9,3.0
4761,40134201101017,5,3,3.0
4766,40190044301000,2,1,3.0
4767,40190044192000,1,2,3.0
4768,40131067011000,9,8,3.0
4769,40130822042027,7,4,3.0
4772,40131032104001,3,8,3.0
4777,40190041173049,5,2,3.0
4783,40130506203152,7,4,3.0
4784,40131051012032,3,8,3.0
4785,40131051012033,3,8,3.0
4786,40131166103005,8,4,3.0
4792,40136108002048,9,7,3.0
4797,40131130002022,9,8,3.0
4798,40131130002021,9,8,3.0
4799,40190040812022,5,2,3.0
4800,40190041161000,5,2,3.0
4801,40190043101008,1,2,3.0
4803,40130101021198,5,3,3.0
4804,40190028012012,5,1,3.0
4806,40190046183015,5,1,3.0
4809,40136107004039,5,8,3.0
4810,40136107004041,5,8,3.0
4811,40130101042015,3,5,3.0
4813,40190040611002,2,5,3.0
4814,40190041151006,5,2,3.0
4815,40219413001185,7,2,3.0
4816,40131051033031,8,3,3.0
4818,40190040622024,5,2,3.0
4820,40138160011000,1,6,3.0
4821,40131138002003,8,3,3.0
4824,40130609023002,9,4,3.0
4825,40131167331034,8,7,3.0
4828,40137233041254,7,2,3.0
4829,40131138002001,8,3,3.0
4830,40210008021225,2,1,3.0
4831,40210008021223,2,1,3.0
4833,40131152001014,3,8,3.0
4834,40210003071097,5,3,3.0
4840,40190005024008,1,2,3.0
4841,40190005024009,2,1,3.0
4842,40136112002009,8,9,3.0
4843,40190041161027,5,2,3.0
4844,40250014012040,5,7,3.0
4847,40210008023212,2,1,3.0
4849,40131032091018,3,8,3.0
4852,40190047252013,1,5,3.0
4853,40131111001023,8,3,3.0
4854,40134214004003,3,6,3.0
4855,40132168293017,5,3,3.0
4858,40136100021016,7,8,3.0
4859,40131138007019,8,3,3.0
4861,40131167142000,7,6,3.0
4862,40131167301008,7,8,3.0
4866,40136108002031,7,8,3.0
4867,40131167142017,7,6,3.0
4868,40131043022001,8,9,3.0
4870,40130506142008,7,4,3.0
4871,40134201101000,5,3,3.0
4872,40134202143001,6,3,3.0
4873,40130405331000,9,4,3.0
4874,40134226251014,3,6,3.0
4876,40130610582056,4,7,3.0
4877,40130610582055,4,7,3.0
4878,40130506142035,4,7,3.0
4879,40130506142033,4,7,3.0
4881,40131042264018,8,9,3.0
4885,40134202142008,6,3,3.0
4886,40134202142009,6,3,3.0
4890,40134201081042,5,3,3.0
4893,40133199033009,3,6,3.0
4894,40134226602004,3,6,3.0
4896,40134226404039,6,3,3.0
4898,40131051012016,8,3,3.0
4899,40131051012017,3,8,3.0
4900,40131051012030,3,8,3.0
4905,40050013023115,5,7,3.0
4906,40050013023113,7,5,3.0
4910,40131129004015,9,8,3.0
4911,40132168301011,8,3,3.0
4912,40132168301010,8,3,3.0
4913,40131051033037,8,3,3.0
4914,40136108002050,9,7,3.0
4915,40136108002049,9,7,3.0
4916,40130506132037,4,7,3.0
4918,40136144001017,8,9,3.0
4930,40131086012000,9,8,3.0
4933,40130405381000,7,4,3.0
4935,40133200022005,7,8,3.0
4936,40133200021009,8,7,3.0
4937,40136100021094,8,7,3.0
4938,40132168302016,8,3,3.0
4939,40138130001036,1,2,3.0
4941,40131042054007,9,8,3.0
4942,40210021061022,2,1,3.0
4943,40131051033039,8,3,3.0
4944,40134210021001,3,6,3.0
4959,40190037063004,2,5,3.0
4962,40136143001015,9,8,3.0
4963,40136161003000,9,8,3.0
4964,40136161001000,9,8,3.0
4965,40138131001001,6,1,3.0
4970,40130608022013,9,4,3.0
4971,40136107002038,5,8,3.0
4972,40130405231033,9,4,3.0
4974,40134226253008,3,6,3.0
4975,40134226253005,3,6,3.0
4977,40210003111005,3,1,3.0
4980,40138100001032,7,6,3.0
4981,40138100001034,7,6,3.0
4982,40210003153034,1,3,3.0
4996,40130405321027,9,4,3.0
5000,40134222213004,3,6,3.0
5002,40210020041004,2,1,3.0
5003,40210020052068,1,2,3.0
5004,40210020041002,2,1,3.0
5013,40133197071006,3,7,3.0
5014,40133197071004,3,7,3.0
5016,40133197081002,3,8,3.0
5017,40138100001037,6,7,3.0
5018,40130610421000,9,4,3.0
5019,40130927111019,4,9,3.0
5020,40130405383043,4,7,3.0
5024,40130405351000,7,9,3.0
5025,40130405354027,7,9,3.0
5026,40130405354052,9,7,3.0
5027,40210008021203,2,1,3.0
5028,40050013021058,7,5,3.0
5030,40250016053054,7,5,3.0
5031,40190040732008,5,2,3.0
5032,40199803001052,5,2,3.0
5035,40190054003053,1,2,3.0
5040,40190040732003,5,2,3.0
5041,40190040812027,5,2,3.0
5042,40190022021018,5,1,3.0
5046,40059451002037,5,7,3.0
5047,40059451003117,7,5,3.0
5051,40130506203024,4,7,3.0
5052,40134201071024,5,3,3.0
5054,40131041002001,9,8,3.0
5055,40131041001001,9,8,3.0
5056,40131041002011,8,9,3.0
5059,40138104003000,7,6,3.0
5060,40138104001015,6,7,3.0
5062,40130927203009,9,4,3.0
5067,40130610421016,9,4,3.0
5068,40130716001025,9,4,3.0
5069,40131138006002,3,8,3.0
5070,40131138006011,8,3,3.0
5071,40131138006004,3,8,3.0
5072,40136125002004,5,8,3.0
5073,40190040621000,2,5,3.0
5074,40190040622017,2,5,3.0
5076,40190041172000,5,2,3.0
5078,40190046172005,5,1,3.0
5079,40190046183000,5,1,3.0
5080,40250016052036,7,5,3.0
5082,40190046141016,5,1,3.0
5085,40134205042019,6,3,3.0
5090,40130405354056,7,9,3.0
5091,40131166112081,8,7,3.0
5092,40130506132039,4,7,3.0
5093,40133197071009,3,8,3.0
5094,40133197071003,3,8,3.0
5095,40133197071008,7,8,3.0
5099,40131172002040,8,3,3.0
5100,40131152003000,8,3,3.0
5102,40130506203027,4,7,3.0
5103,40130506193000,4,7,3.0
5105,40131138007033,3,8,3.0
5107,40210020013007,2,1,3.0
5110,40131130002024,8,9,3.0
5111,40131130002025,8,9,3.0
5115,40130405391015,4,7,3.0
5116,40130405391023,7,4,3.0
5117,40130405391025,7,4,3.0
5118,40133200071015,3,7,3.0
5121,40130405361000,9,4,3.0
5122,40138148012022,1,6,3.0
5123,40131166212020,4,7,3.0
5125,40138159023000,1,6,3.0
5126,40134202144034,3,6,3.0
5128,40130405391037,4,7,3.0
5137,40190040622025,2,5,3.0
5142,40159548024518,7,2,3.0
5143,40159548024517,7,2,3.0
5144,40159548024519,2,7,3.0
5149,40138100001038,7,6,3.0
5152,40131166121041,4,8,3.0
5153,40210024003039,1,5,3.0
5159,40190043332000,1,2,3.0
5161,40190021003014,1,5,3.0
5163,40190024003008,5,2,3.0
5164,40190040611022,5,2,3.0
5165,40190044251068,2,1,3.0
5166,40190021001000,5,1,3.0
5167,40190020001019,5,1,3.0
5170,40190020001020,5,1,3.0
5171,40131166112078,8,7,3.0
5182,40131032092005,8,3,3.0
5183,40131032092004,8,3,3.0
5184,40131051012000,8,3,3.0
5185,40131112041008,3,8,3.0
5186,40130405063010,9,4,3.0
5187,40131162033025,8,3,3.0
5188,40131166121032,4,8,3.0
5189,40131166121031,8,4,3.0
5190,40131166112035,8,7,3.0
5191,40210003153035,1,3,3.0
5199,40133200021010,8,7,3.0
5203,40210023001195,5,1,3.0
5205,40131173002001,9,8,3.0
5206,40131173001000,9,8,3.0
5209,40134226323000,6,3,3.0
5210,40134226321007,6,3,3.0
5211,40134226321006,6,3,3.0
5212,40130304011057,8,5,3.0
5214,40131129001028,8,9,3.0
5215,40131129001029,8,9,3.0
5216,40130715051022,4,9,3.0
5220,40130608021013,9,4,3.0
5224,40137233041210,2,7,3.0
5229,40190044301012,2,1,3.0
5231,40190041154000,5,2,3.0
5240,40131043021004,8,9,3.0
5241,40131043021005,8,9,3.0
5242,40131043022000,8,9,3.0
5243,40050015003106,5,7,3.0
5246,40130506093025,4,7,3.0
5247,40131162022001,3,8,3.0
5248,40131162022002,3,8,3.0
5251,40131166112094,8,7,3.0
5252,40139413002083,3,5,3.0
5253,40131138004018,3,8,3.0
5265,40190046183012,1,5,3.0
5266,40190046183013,1,5,3.0
5267,40190046183014,1,5,3.0
5273,40190001002010,1,2,3.0
5274,40190003002045,1,2,3.0
5275,40138156011018,6,1,3.0
5276,40131173001023,9,4,3.0
5278,40130931061005,9,4,3.0
5279,40130405392041,4,7,3.0
5280,40130405392003,7,4,3.0
5284,40159548024388,7,2,3.0
5288,40131169001048,9,4,3.0
5292,40130506193050,7,4,3.0
5294,40210008021249,1,2,3.0
5295,40210008021239,2,1,3.0
5297,40131060021003,9,8,3.0
5301,40190025093024,1,2,3.0
5302,40134226602000,3,6,3.0
5304,40131051033045,3,8,3.0
5305,40131166101019,7,4,3.0
5309,40210022001063,5,1,3.0
5310,40133197071007,7,8,3.0
5311,40130405354041,9,7,3.0
5313,40136100021051,8,7,3.0
5322,40132168402017,3,8,3.0
5325,40130405362001,4,9,3.0
5335,40190021003015,5,1,3.0
5341,40190018011003,1,5,3.0
5342,40190043101019,2,1,3.0
5343,40190043101023,2,1,3.0
5345,40159528012018,2,7,3.0
5347,40130506203025,4,7,3.0
5350,40134201072006,5,3,3.0
5351,40133199031000,3,6,3.0
5354,40134202141022,3,6,3.0
5355,40050015002003,5,7,3.0
5358,40210003161053,1,6,3.0
5359,40210020052026,2,1,3.0
5360,40130927212011,4,9,3.0
5362,40132168302013,3,8,3.0
5366,40210003191000,6,1,3.0
5367,40210003191002,6,1,3.0
5368,40210003161051,6,1,3.0
5370,40131044022011,9,8,3.0
5372,40159532001023,7,2,3.0
5374,40159532001016,7,2,3.0
5378,40250016053053,5,7,3.0
5380,40190003001003,1,2,3.0
5381,40190003001002,2,1,3.0
5385,40131096041000,9,4,3.0
5391,40130405121017,4,7,3.0
5392,40137233071013,4,7,3.0
5393,40137233071020,4,7,3.0
5394,40130405361001,4,9,3.0
5402,40136100011001,8,5,3.0
5403,40136100011001,5,7,3.0
5404,40130101023004,5,8,3.0
5405,40131167311025,8,7,3.0
5415,40210003251036,6,3,3.0
5417,40210003162010,6,1,3.0
5419,40131032052021,8,3,3.0
5420,40131163003018,3,8,3.0
5422,40190043101024,2,1,3.0
5427,40190046141000,1,5,3.0
5431,40139410002000,7,6,3.0
5435,40210008021222,2,1,3.0
5436,40210008021241,2,1,3.0
5437,40134222261000,3,6,3.0
5438,40131166123005,4,8,3.0
5442,40132168223015,5,8,3.0
5443,40130405383024,4,9,3.0
5444,40134201072005,5,3,3.0
5446,40131166192006,4,7,3.0
5447,40131166192000,4,7,3.0
5451,40250014011040,5,7,3.0
5453,40190047252005,1,5,3.0
5457,40190024001024,2,5,3.0
5460,40190022012011,5,2,3.0
5461,40190024003032,2,5,3.0
5465,40190040732007,2,5,3.0
5466,40131143021030,9,8,3.0
5467,40131144022041,9,8,3.0
5470,40130405321092,9,4,3.0
5471,40130405064030,4,9,3.0
5472,40130506033185,7,2,3.0
5473,40130506031024,7,2,3.0
5474,40134222232008,3,6,3.0
5476,40134222251002,6,3,3.0
5487,40131138006005,3,8,3.0
5488,40136152022008,3,8,3.0
5489,40136152022005,3,8,3.0
5490,40136152022009,3,8,3.0
5493,40131051033044,3,8,3.0
5494,40131051033041,3,8,3.0
5496,40190040622026,5,2,3.0
5502,40190040634020,2,5,3.0
5503,40190022022004,2,5,3.0
5504,40190022021028,2,1,3.0
5505,40190022021028,1,5,3.0
5515,40138160011020,1,6,3.0
5516,40133197081004,3,8,3.0
5523,40130608014001,4,9,3.0
5533,40138134004026,1,2,3.0
5534,40138134004024,1,2,3.0
5535,40210008021250,1,2,3.0
5536,40210008023112,2,1,3.0
5538,40134202144013,6,3,3.0
5543,40131138001002,3,8,3.0
5544,40130608011019,4,9,3.0
5546,40130506031249,2,7,3.0
5547,40190020001021,5,1,3.0
5548,40190020001022,1,5,3.0
5549,40190020004040,5,1,3.0
5552,40190054001000,2,1,3.0
5554,40190005021003,1,2,3.0
5555,40190028012027,5,1,3.0
5556,40250016052024,7,5,3.0
5558,40131167142018,7,6,3.0
5559,40132168301029,8,3,3.0
5562,40130405391009,7,9,3.0
5563,40137233061002,7,2,3.0
5564,40137233041276,7,2,3.0
5565,40137233061003,2,7,3.0
5566,40130610433021,9,4,3.0
5567,40130610433023,9,4,3.0
5568,40131166192087,8,7,3.0
5573,40210003161061,1,6,3.0
5577,40135228021017,6,1,3.0
5579,40250015012006,5,7,3.0
5581,40190035042018,5,1,3.0
5582,40190044301001,2,1,3.0
5585,40190035061010,1,5,3.0
5586,40190046172003,1,5,3.0
5588,40190013022049,2,1,3.0
5590,40190001002005,1,2,3.0
5592,40138156011042,6,1,3.0
5593,40131167331042,8,7,3.0
5595,40130101042030,5,3,3.0
5596,40139412001037,3,5,3.0
5598,40138134004025,1,2,3.0
5601,40136152011003,3,8,3.0
5608,40133197091004,3,8,3.0
5610,40138134004028,2,1,3.0
5611,40138134004027,2,1,3.0
5615,40159534052005,7,2,3.0
5616,40190001002001,1,2,3.0
5617,40190022021027,1,5,3.0
5618,40250015011013,5,7,3.0
5627,40131138007008,3,8,3.0
5628,40210003162008,6,1,3.0
5629,40131167291000,7,6,3.0
5631,40133199031008,6,3,3.0
5632,40210022002025,1,5,3.0
5633,40138152012002,6,1,3.0
5635,40219412004064,1,2,3.0
5637,40138160031016,6,1,3.0
5638,40138160031015,6,1,3.0
5640,40138160023000,6,1,3.0
5641,40138161004015,6,1,3.0
5645,40190044221025,1,2,3.0
5648,40190025093001,1,2,3.0
5649,40190044252000,2,1,3.0
5653,40130506112007,4,7,3.0
5656,40137233041275,7,2,3.0
5657,40130405321035,4,9,3.0
5658,40219413001192,6,2,3.0
5663,40131066001005,8,9,3.0
5670,40190046172000,1,5,3.0
5671,40190005013016,1,2,3.0
5673,40199803001002,5,2,3.0
5674,40138124002017,6,1,3.0
5675,40131051033047,3,8,3.0
5679,40133197081005,3,8,3.0
5681,40210003161032,1,3,3.0
5684,40190024003000,5,2,3.0
5686,40190040611003,2,5,3.0
5688,40190041173020,2,5,3.0
5689,40190041173021,2,5,3.0
5690,40190041173047,2,5,3.0
5691,40190041173048,2,5,3.0
5693,40130927203001,9,4,3.0
5697,40137233041215,7,2,3.0
5699,40131086021000,8,9,3.0
5700,40130506093018,4,7,3.0
5701,40130506093016,7,4,3.0
5702,40130506093017,7,4,3.0
5703,40131167272016,7,8,3.0
5704,40131167272017,7,8,3.0
5705,40131167272018,7,8,3.0
5706,40131167312016,7,8,3.0
5711,40136108002036,8,9,3.0
5712,40219412002037,2,1,3.0
5714,40138128012009,6,1,3.0
5715,40130405383038,4,7,3.0
5716,40131167301000,7,8,3.0
5720,40131121002021,9,4,3.0
5723,40131130002000,9,8,3.0
5724,40210020012000,1,2,3.0
5725,40210012001170,2,1,3.0
5726,40210012001162,2,1,3.0
5731,40190011001001,2,1,3.0
5735,40130506042167,2,7,3.0
5737,40131167142019,7,6,3.0
5739,40130405321059,4,9,3.0
5740,40190004022031,1,2,3.0
5741,40190003002039,1,2,3.0
5743,40190008001121,2,1,3.0
5744,40190008001121,1,5,3.0
5746,40190040611005,5,2,3.0
5751,40134213022002,6,3,3.0
5753,40130927203017,4,9,3.0
5754,40130405371000,7,9,3.0
5755,40130927201000,9,4,3.0
5756,40138176003115,1,6,3.0
5757,40138152012000,6,1,3.0
5758,40132168302015,8,3,3.0
5759,40132168302014,3,8,3.0
5761,40130715051031,4,9,3.0
5762,40130715051037,4,9,3.0
5765,40130405064000,4,9,3.0
5768,40250014012035,7,5,3.0
5770,40190004012036,1,2,3.0
5771,40250016053029,7,5,3.0
5773,40159548024379,7,2,3.0
5775,40131163003017,8,3,3.0
5776,40131138001005,8,3,3.0
5777,40131138006050,3,8,3.0
5778,40131172002042,8,3,3.0
5779,40136107001052,8,5,3.0
5782,40130610411008,9,4,3.0
5783,40131079003009,3,8,3.0
5784,40250015012002,5,7,3.0
5787,40131112031003,3,8,3.0
5789,40130405321020,9,4,3.0
5791,40210008021200,2,1,3.0
5792,40131129004021,8,9,3.0
5794,40210003112058,1,3,3.0
5796,40131079002004,8,3,3.0
5797,40131166121040,8,4,3.0
5800,40250014012036,7,5,3.0
5801,40190025091028,5,2,3.0
5807,40130506031230,2,7,3.0
5808,40130405283001,4,7,3.0
5809,40131067011004,9,8,3.0
5811,40133199054000,7,6,3.0
5814,40210022001108,1,5,3.0
5815,40130927203005,4,9,3.0
5819,40130405371021,9,7,3.0
5820,40130405362000,9,4,3.0
5822,40190041172006,5,2,3.0
5824,40132168311014,3,8,3.0
5826,40130506203168,4,7,3.0
5827,40137233041216,7,2,3.0
5830,40190041173019,2,5,3.0
5831,40190005013017,1,2,3.0
5833,40131032093002,3,8,3.0
5838,40130405321054,4,9,3.0
5839,40130405321055,4,9,3.0
5840,40130506033184,7,2,3.0
5841,40130304023074,8,5,3.0
5842,40130304023075,5,8,3.0
5846,40190008001120,2,1,3.0
5850,40190003001001,2,1,3.0
5857,40131162033024,3,8,3.0
5858,40130506093004,7,4,3.0
5859,40130506203153,4,7,3.0
5862,40130927203004,4,9,3.0
5863,40130927203000,4,9,3.0
5864,40130304023080,8,5,3.0
5865,40136125002002,5,8,3.0
5866,40130304023078,5,8,3.0
5882,40199803001051,5,2,3.0
5886,40131129004010,9,8,3.0
5887,40131138002002,8,3,3.0
5889,40130506042105,7,2,3.0
5890,40137233061008,2,7,3.0
5891,40130506042101,7,2,3.0
5896,40130405362049,4,9,3.0
5897,40131138006009,3,8,3.0
5898,40136108002029,7,8,3.0
5899,40137233041090,2,7,3.0
5901,40210003112007,1,3,3.0
5902,40250014011053,7,5,3.0
5906,40250016053030,5,7,3.0
5912,40059451002031,5,7,3.0
5915,40210003112014,1,3,3.0
5916,40130405391013,7,4,3.0
5917,40130405391014,4,7,3.0
5919,40131040001001,8,9,3.0
5920,40131040002000,8,9,3.0
5922,40131051033057,8,3,3.0
5926,40131166112076,8,7,3.0
5928,40131162022003,8,3,3.0
5929,40190020001018,5,1,3.0
5930,40190043101028,2,1,3.0
5931,40190006004035,1,5,3.0
5935,40130506203018,4,7,3.0
5936,40130506203019,7,4,3.0
5937,40210019001110,1,2,3.0
5940,40130506112000,4,7,3.0
5941,40131166112061,8,7,3.0
5942,40130609012000,9,4,3.0
5943,40130405321038,4,9,3.0
5946,40131166112088,8,7,3.0
5947,40131166112089,7,8,3.0
5950,40134226522003,6,3,3.0
5952,40190041122026,5,2,3.0
5953,40190041122017,5,2,3.0
5955,40190003002038,2,1,3.0
5958,40131166053003,7,4,3.0
5959,40131166053006,7,4,3.0
5960,40134201071021,3,5,3.0
5963,40190046141005,1,5,3.0
5964,40132168311015,3,8,3.0
5967,40136108002035,7,8,3.0
5968,40136108002035,8,9,3.0
5972,40131143011053,8,9,3.0
5976,40130405321044,9,4,3.0
5984,40190020005000,1,5,3.0
5987,40130608014000,9,4,3.0
5988,40210024003120,5,1,3.0
5991,40131094012001,9,4,3.0
5992,40210008023114,2,1,3.0
5996,40190003002044,1,2,3.0
5999,40131143011020,8,9,3.0
6001,40138160011019,6,1,3.0
6004,40134202143032,6,3,3.0
6005,40131051012039,8,3,3.0
6008,40131166101022,7,4,3.0
6011,40130506031028,7,2,3.0
6012,40250014012034,7,5,3.0
6013,40190047105014,1,5,3.0
6016,40190054001007,1,2,3.0
6018,40138148012003,1,6,3.0
6019,40134226232024,1,6,3.0
6020,40131162033021,3,8,3.0
6021,40130608021000,4,9,3.0
6022,40130608014030,9,4,3.0
6023,40130608021012,4,9,3.0
6027,40059451002020,5,7,3.0
6030,40131167272019,7,8,3.0
6039,40130609013000,9,4,3.0
6042,40130101021202,5,3,3.0
6043,40138159021032,1,6,3.0
6044,40131166112093,7,8,3.0
6047,40130304011060,5,8,3.0
6048,40219412002036,2,1,3.0
6049,40136107002034,5,8,3.0
6050,40199803001027,5,1,3.0
6051,40190044231012,1,2,3.0
6052,40190005021002,1,2,3.0
6054,40210003112057,1,3,3.0
6055,40210003191071,1,6,3.0
6056,40210003163050,6,1,3.0
6058,40136152022004,8,3,3.0
6060,40130506202047,7,4,3.0
6062,40131051012031,8,3,3.0
6064,40130405291000,4,7,3.0
6065,40219412002069,2,1,3.0
6069,40130405383045,7,4,3.0
6070,40130405383047,7,4,3.0
6071,40130405383050,4,7,3.0
6072,40130405383048,7,4,3.0
6074,40134202144035,3,6,3.0
6075,40210003112010,1,3,3.0
6076,40210003112009,1,3,3.0
6077,40210012001073,1,2,3.0
6083,40130405352001,4,9,3.0
6092,40190024001001,5,2,3.0
6094,40138158003002,1,6,3.0
6095,40138160012000,1,6,3.0
6097,40137233041092,7,2,3.0
6099,40250015012004,7,5,3.0
6100,40131032104012,8,3,3.0
6101,40131032104000,3,8,3.0
6104,40130927232017,4,9,3.0
6107,40190006004036,5,1,3.0
6108,40190011001000,2,1,3.0
6111,40131166111003,4,7,3.0
6116,40130506203167,4,7,3.0
6118,40133197091024,3,8,3.0
6119,40138176003009,1,6,3.0
6120,40131079002006,3,8,3.0
6121,40137233041226,2,7,3.0
6124,40250014011031,5,7,3.0
6125,40131162033022,8,3,3.0
6126,40131162033023,3,8,3.0
6127,40210008021197,2,1,3.0
6134,40130609011000,4,9,3.0
6137,40190041161006,5,2,3.0
6143,40136112002011,9,8,3.0
6146,40130405121014,4,7,3.0
6147,40136100021012,8,7,3.0
6148,40130506033136,2,7,3.0
6150,40130506115003,4,7,3.0
6152,40134226253001,6,3,3.0
6153,40136107002010,5,8,3.0
6156,40131172002041,8,3,3.0
6157,40136100021022,8,7,3.0
6158,40130405383051,4,7,3.0
6159,40219412002070,2,1,3.0
6160,40190046171000,5,1,3.0
6161,40190046171026,1,5,3.0
6162,40199804001003,1,2,3.0
6167,40219412002049,2,1,3.0
6168,40219412002048,2,1,3.0
6169,40250014012006,5,7,3.0
6173,40138158003000,6,1,3.0
6174,40132168301008,8,3,3.0
6175,40132168301009,3,8,3.0
6176,40131051033030,8,3,3.0
6177,40190046141006,1,5,3.0
6178,40130506202000,7,4,3.0
