map_id,eps,L,number_of_majority_minority_dists_needed,#iterations,#iterations_no_improvement,percentage_depreciation_in_compactness,time_vickrey,time_VRA,time_compactness,time_uncoarsening,time_cmpttveness,total_time,n_restarts,opt_effgap,passymetry_opt,max_margin,#competitive,majmin,compactness,pop_bal*P_bar
0,0.01,1,2,10000,500,0.3,1.425366879,10.32254696,115.8343959,134.393276,170.071152,432.0467377,1,-0.035408868,0.010827496,0.168628845,6,2,5705.640558,7933.330005
0,0.01,1,2,10000,500,0.1,3.267430782,185.6651571,123.4142661,146.5551181,98.99544597,557.897418,3,0.199821878,0.025233465,0.2883543,3,2,4696.968598,7467.663534
0,0.01,1,2,10000,500,0.2,1.468144894,6.970570087,230.6607528,272.6228509,133.17067,644.8929887,1,-0.052928061,0.032108451,0.24950081,4,2,4574.648964,7374.33024
0,0.01,1,2,10000,500,0,3.250090837,139.9467831,294.1053057,697.3794549,64.33297467,1199.014609,3,0.086304219,0.049502685,0.347857145,2,2,3829.823936,7407.330226
1,0.01,1,2,10000,500,0.3,4.316602945,65.87350607,103.6929679,314.5917521,188.6666329,677.1414618,2,0.09449115,0.014017588,0.153509305,5,2,6134.612592,7909.663349
1,0.01,1,2,10000,500,0.2,1.261951923,108.277281,207.855351,412.6987538,79.33793306,809.4312708,1,-0.147071145,0.021158953,0.22945925,4,2,5298.983782,7766.330075
1,0.01,1,2,10000,500,0.1,5.089262962,7.878057957,115.2320609,137.2171328,115.3756309,380.7921455,1,0.058307071,0.023361718,0.275565436,5,2,5105.889553,7515.663514
1,0.01,1,2,10000,500,0,4.73985815,60.85692215,161.608577,173.8783491,89.51636291,490.6000693,1,-0.00941293,0.030399624,0.34968781,1,2,4723.567656,7340.663587
2,0.01,1,2,10000,500,0.1,0.290327072,213.3455241,81.68902707,327.3646519,159.0536041,781.7431343,6,-0.034221626,0.017309428,0.20677757,3,2,5320.135353,6670.663868
2,0.01,1,2,10000,500,0.3,2.774623632,12.42004514,207.305922,350.2989089,122.9324558,695.7319555,1,-0.151629463,0.021250888,0.233144891,6,2,5017.049416,7696.663438
2,0.01,1,2,10000,500,0.2,0.860722065,2587.112223,299.4883101,220.5365272,93.51930714,3201.51709,5,0.086673644,0.027591241,0.265443989,4,2,4294.459426,7849.663374
2,0.01,1,2,10000,500,0,4.689525843,358.3759329,140.206461,430.1192131,51.23272014,984.623853,7,0.196419653,0.037693691,0.273634512,2,2,4108.155313,7091.330359
3,0.01,1,2,10000,500,0.2,0.92442894,6.831192017,211.4261901,179.4151609,159.094902,557.691874,1,0.084326745,0.013441145,0.223042738,5,2,5624.915062,7860.663369
3,0.01,1,2,10000,500,0.3,2.562544823,99.49739289,160.8338811,115.7985559,245.632009,624.3243837,1,0.108477531,0.022224563,0.261437307,5,2,5593.197373,7753.663414
3,0.01,1,2,10000,500,0.1,2.135052681,329.9506278,358.4800479,191.6462269,159.6613061,1041.873261,5,0.076169096,0.010897508,0.204951235,3,2,4388.372871,7632.330132
3,0.01,1,2,10000,500,0,0.837763071,3.28017807,242.3147969,324.2910221,64.51460123,635.2383614,1,0.056352611,0.043009746,0.421363622,2,2,3944.716581,7049.330376
4,0.01,1,2,10000,500,0.3,0.647690058,27.32852197,145.4193389,247.1698308,199.3364191,619.9018009,1,0.080305213,0.026087333,0.303273978,6,2,5278.54688,7247.663626
4,0.01,1,2,10000,500,0.2,3.753789902,322.2253828,137.897342,45.6540699,193.1240089,702.6545935,5,0.065478811,0.013528776,0.284479605,7,2,5258.521546,7783.663401
4,0.01,1,2,10000,500,0,1.5674119,12437.59427,118.0632718,158.8593221,39.35207701,12755.43635,5,0.080792188,0.045722066,0.370065332,2,2,4715.594702,6783.330488
4,0.01,1,2,10000,500,0.1,0.910340786,342.948406,166.9366198,136.0915382,117.1106029,763.9975076,6,-0.066594827,0.022371105,0.212504068,4,2,4338.535482,7739.66342
5,0.01,1,2,10000,500,0.3,4.664487123,29.00898314,223.725086,307.3888741,134.9479432,699.7353735,1,0.174793145,0.014720989,0.145240329,7,2,4935.211841,6963.330412
5,0.01,1,2,10000,500,0.2,5.784985065,6.04664588,417.2618821,199.3925891,186.983897,815.4699991,1,0.06322767,0.018301331,0.190070298,3,2,4822.473988,5550.664338
5,0.01,1,2,10000,500,0,3.41784811,93.86875391,122.8507273,161.1131468,30.91230106,412.1627772,2,0.077352382,0.041165886,0.416109578,4,2,4716.410575,5850.330879
5,0.01,1,2,10000,500,0.1,6.853543997,262.175776,181.0637267,94.77100492,74.97519898,619.8392506,1,0.073200482,0.029742845,0.217452027,2,2,4670.504843,7462.330203
6,0.01,1,2,10000,500,0.3,2.497735977,138.3150909,109.6120441,471.0146811,110.334501,831.7740531,1,0.067306693,0.024392755,0.255438166,5,2,5724.548851,7753.330081
6,0.01,1,2,10000,500,0.2,1.767513275,137.0062962,267.8135769,298.7935002,177.766021,883.1469076,1,0.07865885,0.011047238,0.135314228,6,2,4620.383591,7737.330088
6,0.01,1,2,10000,500,0.1,1.330960989,1.893739939,196.0773661,113.8877239,716.1831768,1029.372968,1,-0.16003883,0.018786948,0.2673381,4,2,4354.24857,7787.6634
6,0.01,1,2,10000,500,0,2.224225998,366.9984591,141.0836821,180.861197,121.8877039,813.055268,6,0.094068994,0.03553909,0.2515052,0,2,3796.804159,7787.6634
7,0.01,1,2,10000,500,0.3,1.909993887,88.78443789,245.6939492,77.68253088,111.931921,526.0028329,2,0.207364221,0.018728798,0.18883556,5,2,5645.193294,7853.663372
7,0.01,1,2,10000,500,0,0.841596842,6.967979193,157.1494851,124.4388061,596.0766947,885.4745619,1,0.103454355,0.033064537,0.299116169,2,2,5170.272308,7859.330036
7,0.01,1,2,10000,500,0.1,2.064841986,438.880203,259.1700521,206.777858,88.78893518,995.6818902,5,-0.075077674,0.010940831,0.234969496,5,2,5096.977927,7518.330179
7,0.01,1,2,10000,500,0.2,7.263192177,13.49116588,183.621618,256.0458708,262.619494,723.0413408,1,0.06844036,0.0108925,0.141701645,5,2,4740.104224,7826.663383
8,0.01,1,2,10000,500,0.3,1.0753088,2.28797698,100.1747272,188.863672,108.2676539,400.6693389,1,-0.043742721,0.011797597,0.166823216,5,2,5832.494544,7465.330202
8,0.01,1,2,10000,500,0.2,2.513750076,8.830961943,105.3507109,146.5677247,214.2869899,477.5501375,1,0.063446649,0.010811413,0.12182258,4,2,4681.810454,5732.664262
8,0.01,1,2,10000,500,0,2.058367968,1.931151867,192.5600638,209.2157576,33.29816127,439.0635026,1,0.089589375,0.038116305,0.260215524,0,2,4198.185184,5198.331153
8,0.01,1,2,10000,500,0.1,1.752497911,63.60533595,61.08340406,339.139596,86.83798003,552.4188139,2,-0.155615216,0.027914057,0.217733573,5,2,4145.196992,7918.663345
9,0.01,1,2,10000,500,0.3,2.420669317,796.45806,61.64510226,270.9687879,211.3046257,1342.797245,5,-0.047431093,0.029965946,0.204430827,5,2,5171.85173,7192.663649
9,0.01,1,2,10000,500,0.2,4.612301111,108.2936811,60.80407906,277.5376818,129.2402742,580.4880173,3,-0.057083941,0.02421054,0.209006953,5,2,5061.657036,7576.663488
9,0.01,1,2,10000,500,0.1,0.257503033,5.619685888,117.566117,226.612587,80.22910118,430.2849941,1,-0.074016172,0.022288079,0.21188136,4,2,4242.485604,6180.330741
9,0.01,1,2,10000,500,0,1.489882946,98.1142199,174.6908381,328.7582569,48.86773992,651.9209378,2,0.109424185,0.027325305,0.260495851,2,2,3988.014993,7739.330087
10,0.01,1,2,10000,500,0.3,2.05583787,282.1677561,183.9037237,149.4930232,88.5326252,706.152966,2,0.091754186,0.028106191,0.237405458,4,2,5325.336119,6556.663916
10,0.01,1,2,10000,500,0.2,3.219270945,2.740500927,188.7641549,193.4230158,246.123373,634.2703156,1,0.082571856,0.01873192,0.245170423,4,2,5013.265891,7501.66352
10,0.01,1,2,10000,500,0.1,2.697376013,18.02962804,222.381602,345.5724151,112.8916922,701.5727134,1,-0.027330838,0.018200208,0.171430673,6,2,4833.868296,7815.663388
10,0.01,1,2,10000,500,0,1.222523928,7.9325912,194.5254641,756.9532738,34.10965919,994.7435122,1,0.08539421,0.023007077,0.302667835,1,2,3614.528872,6381.66399
11,0.01,1,2,10000,500,0.2,2.295117617,234.5395648,141.0106819,78.38748693,149.2137699,605.4466212,5,-0.024221875,0.02711704,0.199394778,3,2,5823.077679,7600.663478
11,0.01,1,2,10000,500,0.3,1.625042915,153.9637861,96.36915684,262.4202802,120.5000648,634.8783309,5,-0.019716621,0.027702188,0.26489819,4,2,5117.168277,7767.663408
11,0.01,1,2,10000,500,0.1,2.636761904,3.248215675,162.5258021,124.5919831,190.0266421,483.0294049,1,0.168349261,0.02791747,0.266771584,5,2,4006.513522,7571.330157
11,0.01,1,2,10000,500,0,14.15543795,544.4665711,166.9540699,423.787426,66.13069487,1215.4942,5,-0.051575101,0.028201844,0.332434969,1,2,3750.375274,7734.330089
12,0.01,1,2,10000,500,0.2,2.945634842,16.35861301,328.3413148,294.199204,105.2726021,747.1173687,1,0.107323496,0.024097351,0.278440293,3,2,4845.730629,7889.663357
12,0.01,1,2,10000,500,0.1,2.979576826,14852.4139,658.0084569,399.3069258,133.6016431,16046.3105,1,-0.035311059,0.029311582,0.306569855,3,2,4262.13008,7828.330049
12,0.01,1,2,10000,500,0,13.209512,24.64755201,165.7344201,100.3461623,97.38794494,401.3255913,1,-0.056948924,0.034136608,0.367472704,3,2,4101.663402,7574.663489
12,0.01,1,2,10000,500,0.3,3.67908597,4.709393978,199.595521,334.6834769,98.71425605,641.3817339,1,0.160980348,0.027765061,0.333106796,4,2,4094.882451,7648.663458
13,0.01,1,2,10000,500,0.2,0.36209321,1051.328283,110.6685588,371.7193201,156.914634,1690.992889,5,0.099923418,0.015127656,0.240797835,7,2,4849.100261,7902.330018
13,0.01,1,2,10000,500,0.3,11.9961679,9.834179163,246.5801928,288.4308231,262.5841212,819.4254842,1,0.08268526,0.020206864,0.181353268,6,2,4764.755373,7747.663417
13,0.01,1,2,10000,500,0.1,0.544557095,8.366811037,351.8058791,67.96441007,129.9486318,558.6302891,1,0.073370192,0.028036205,0.224963714,4,2,4650.447162,7350.663583
13,0.01,1,2,10000,500,0,6.423569918,2.630930901,272.7520971,284.9424078,108.2325699,674.9815757,1,-0.058971408,0.043858636,0.43190082,3,2,3887.509264,7849.663374
14,0.01,1,2,10000,500,0.3,9.351087093,1408.733987,116.509469,441.0683899,255.8711901,2231.534123,5,0.086099575,0.019290983,0.210200119,5,2,5924.645632,7668.330117
14,0.01,1,2,10000,500,0.2,1.692824841,15.12086296,185.6209168,128.250828,117.0021849,447.6876175,1,0.085925656,0.015498195,0.268757936,5,2,4856.97617,7331.330258
14,0.01,1,2,10000,500,0.1,1.423238039,4.59267211,441.161031,378.3350861,68.405123,893.9171503,1,0.20735548,0.035170255,0.250127739,3,2,4736.392568,6514.330601
14,0.01,1,2,10000,500,0,1.031606197,237.9658408,201.8807921,250.2527051,32.01897073,723.149915,5,0.074966444,0.040563898,0.419926886,2,2,3846.174179,6464.330622
15,0.01,1,2,10000,500,0.3,0.597882032,13.40763903,106.925355,321.466449,303.660306,746.057631,1,0.167569317,0.006648799,0.144922297,6,2,5351.279941,7750.663415
15,0.01,1,2,10000,500,0.1,3.258530855,9.487333775,113.687393,705.6953831,167.3421938,999.4708345,1,0.03607784,0.018300171,0.253998606,6,2,5023.457774,7340.663587
15,0.01,1,2,10000,500,0.2,13.39642406,55.68089485,116.613729,250.9036632,97.17222214,533.7669332,1,0.215752383,0.059682479,0.299862964,2,2,4450.380051,7540.663503
15,0.01,1,2,10000,500,0,1.872346163,199.7805359,161.7665868,173.1907752,30.17051196,566.780756,5,0.085526862,0.018461558,0.319930648,3,2,4161.874222,7870.330032
16,0.01,1,2,10000,500,0.2,0.565927029,0.680176258,78.68147206,164.0480399,143.7359722,387.7115874,1,-0.022677965,0.025195095,0.21316482,3,2,5134.067344,7338.330255
16,0.01,1,2,10000,500,0.3,2.575948,21.36291003,181.7385168,439.8086021,146.2800219,791.7659988,1,0.195853984,0.046048227,0.333731466,4,2,4992.757733,7596.330147
16,0.01,1,2,10000,500,0.1,4.838332891,86.12667608,351.4983931,293.7034421,83.27854609,819.4453902,2,-0.032267457,0.022392604,0.248638139,5,2,4663.878519,7492.33019
16,0.01,1,2,10000,500,0,2.996428967,180.3055198,98.54045987,426.4401569,37.50635481,745.7889204,2,0.081374678,0.040798418,0.248017895,2,2,4382.762602,7916.330012
17,0.01,1,2,10000,500,0.3,12.62298298,0.285926819,134.3352511,436.278671,74.68020296,658.2030349,1,0.064740261,0.013164437,0.14401264,5,2,5392.247258,6487.663945
17,0.01,1,2,10000,500,0.1,1.90503788,15.32659101,48.61198997,162.1488602,126.2981913,354.2906704,1,0.103038524,0.017848109,0.232324135,3,2,5135.885685,5649.664297
17,0.01,1,2,10000,500,0.2,3.322613001,105.9836853,148.2671778,244.1502259,458.15294,959.876642,2,0.042263784,0.019994179,0.221429882,6,2,4841.37239,7873.330031
17,0.01,1,2,10000,500,0,5.018373013,1.957055807,166.4964831,152.073261,32.38216996,357.9273429,1,-0.019070531,0.035514601,0.275576986,1,2,4678.014803,6691.330526
18,0.01,1,2,10000,500,0.2,1.382515907,3.20714426,248.53232,229.9716628,138.6517289,621.7453718,1,0.069637525,0.024867498,0.228125768,7,2,5385.690519,5541.664342
18,0.01,1,2,10000,500,0.3,2.075451851,139.1946878,137.7339122,2436.898587,143.6601369,2859.562776,5,-0.036706309,0.01370772,0.24177483,7,2,5301.50165,7926.663341
18,0.01,1,2,10000,500,0.1,2.071311951,2.681706905,259.926048,180.6344039,42.01330996,487.3267808,1,0.085655953,0.027108088,0.239075646,4,2,4516.624052,6320.330682
18,0.01,1,2,10000,500,0,1.298407078,17.12192297,147.271311,792.4691689,74.12034512,1032.281155,1,0.199166311,0.03526479,0.43846924,3,2,4146.617167,6752.330501
19,0.01,1,2,10000,500,0.3,1.257817984,5.837232113,222.2738018,159.0952508,258.5171711,646.9812739,1,-0.173201105,0.024105331,0.221001044,4,2,5398.747005,7631.663465
19,0.01,1,2,10000,500,0.2,2.772818804,0.84680295,164.7285221,261.4521313,187.355413,617.155688,1,0.088891395,0.019588471,0.212967627,5,2,5257.596625,7883.66336
19,0.01,1,2,10000,500,0.1,1.07102704,41.88789606,137.28861,359.1514313,55.79691386,595.1958783,2,-0.016069862,0.020788331,0.255060625,3,2,4701.3112,7429.330217
19,0.01,1,2,10000,500,0,7.54874301,16.09842491,139.8472388,231.729254,44.91285992,440.1365206,1,-0.04522154,0.027278191,0.289195408,2,2,4220.872243,7214.330307
20,0.01,1,2,10000,500,0.3,1.587581873,30.65017128,121.071599,136.5982997,137.066421,426.9740729,1,-0.033949005,0.032939511,0.229076761,3,2,5771.757267,7867.330033
20,0.01,1,2,10000,500,0.1,1.333604097,19.46088314,115.2082388,78.44064498,105.7708459,320.2142169,1,-0.025161353,0.026398606,0.258060313,3,2,5030.466289,6629.663886
20,0.01,1,2,10000,500,0,1.208655119,0.130323172,131.3268611,101.788219,55.0620389,289.5160973,1,0.094061677,0.036937532,0.331242608,1,2,4633.50698,7824.663384
20,0.01,1,2,10000,500,0.2,5.132559776,20.76037312,241.579324,276.6159952,293.129689,837.217941,1,-0.014304629,0.022836539,0.245340388,5,2,4620.21113,7937.663337
21,0.01,1,2,10000,500,0.3,4.509366989,1.859905005,86.88146091,244.474623,116.1312611,453.856617,1,0.068906243,0.01551036,0.189840455,6,2,5239.771918,7624.330135
21,0.01,1,2,10000,500,0.1,6.755584002,0.927938938,176.103617,122.045223,292.5097451,598.342108,1,0.086177783,0.025608341,0.20537452,4,2,5202.241743,7815.663388
21,0.01,1,2,10000,500,0.2,1.521989822,230.587393,144.040416,204.3375659,122.1617701,702.6491349,4,0.091245004,0.015088463,0.218804191,5,2,4616.838683,5079.331203
22,0.01,1,2,10000,500,0.3,5.212726116,232.3370423,64.46703911,257.331141,115.191819,674.5397675,5,0.075629224,0.012122858,0.169420496,3,2,5122.262441,7424.330219
22,0.01,1,2,10000,500,0.2,5.765398979,11.825881,431.154495,232.4727521,136.7130151,817.9315422,1,-0.027122329,0.021717602,0.246836377,5,2,5023.400897,5083.664534
22,0.01,1,2,10000,500,0.1,3.99442625,1360.063246,140.2721732,180.908694,160.0266979,1845.265237,6,0.096570666,0.017792805,0.237150005,4,2,4558.816927,6531.330593
23,0.01,1,2,10000,500,0.3,1.389271021,243.750443,127.322315,306.957654,139.845422,819.265105,5,0.182998521,0.014364692,0.124102417,7,2,6305.311652,7424.330219
23,0.01,1,2,10000,500,0.2,2.202026129,8.659945011,263.5906317,188.3463187,44.95435476,507.7532763,1,-0.068927427,0.019046358,0.208801951,5,2,5397.170413,7609.330141
23,0.01,1,2,10000,500,0.1,1.444391012,456.7881408,156.5131018,147.4829779,54.36290812,816.5915196,5,-0.028092248,0.026974688,0.322483198,4,2,4374.492012,7418.330221
24,0.01,1,2,10000,500,0.3,2.831840992,2.493187189,183.7809699,315.580431,78.03728914,582.7237182,1,-0.04615577,0.019348597,0.304947867,6,2,5430.80543,7100.663688
24,0.01,1,2,10000,500,0.2,6.223176956,259.7110283,334.0670469,271.3476312,162.240279,1033.589162,5,0.170884401,0.015041954,0.165503988,5,2,5036.694923,7618.330138
24,0.01,1,2,10000,500,0.1,1.705706358,18.99176788,138.0333111,388.277,156.308742,703.3165274,1,0.095108868,0.017915324,0.332787867,5,2,4224.36761,7789.330066
25,0.01,1,2,10000,500,0.3,2.230536938,32.54660821,177.2521091,167.0624809,285.6739683,664.7657034,1,0.077377,0.016929022,0.195783524,5,2,4853.383622,7731.663423
25,0.01,1,2,10000,500,0.1,1.266147852,785.3692589,89.3802352,130.5642281,71.79756308,1078.377433,6,0.090059734,0.023031797,0.229547196,4,2,4705.179697,7288.330276
25,0.01,1,2,10000,500,0.2,1.624089241,7214.46682,161.3259058,197.8090191,65.89243412,7641.118268,8,0.08472194,0.026935884,0.372146195,4,2,3927.199512,6231.664053
26,0.01,1,2,10000,500,0.3,2.342714071,2.694359064,190.1969049,85.34004688,161.9599421,442.533967,1,-0.03144044,0.029253819,0.196522031,4,2,5941.746367,6958.330414
26,0.01,1,2,10000,500,0.2,1.156625748,588.8849218,188.8109987,130.8304791,342.421736,1252.104761,3,0.172053545,0.010791812,0.124792809,5,2,4910.264067,6888.663777
26,0.01,1,2,10000,500,0.1,10.59244514,265.012727,107.5890989,352.6534979,77.63313794,813.480907,2,-0.036650277,0.023430832,0.21265866,4,2,4303.3416,7848.330041
27,0.01,1,2,10000,500,0.3,2.837079048,154.365181,254.0984271,161.878264,191.8750861,765.0540371,3,-0.01973948,0.013261621,0.184931841,5,2,5402.345271,7388.330234
27,0.01,1,2,10000,500,0.2,3.375874043,5.202280998,222.2961812,175.8138511,105.3731301,512.0613174,1,0.203978475,0.025409917,0.231467701,6,2,5252.529698,7403.330228
27,0.01,1,2,10000,500,0.1,1.588567972,243.724586,166.3025341,144.5055671,318.9186139,875.0398691,5,0.070131591,0.013162435,0.175258063,4,2,5208.179552,7784.330068
28,0.01,1,2,10000,500,0.3,0.610529184,154.1810842,234.7034109,413.103096,246.7238512,1049.321971,3,-0.043917674,0.031492526,0.236171652,5,2,5322.35696,7910.663348
28,0.01,1,2,10000,500,0.1,4.761459112,190.0555582,41.25937319,232.7393789,92.06688499,560.8826544,2,0.218216547,0.045861449,0.305065045,4,2,5072.406216,7346.663585
28,0.01,1,2,10000,500,0.2,3.993505716,60.23614478,167.5113358,135.587136,171.1787689,538.5068913,1,0.178901473,0.013220341,0.142931323,7,2,4934.122371,7676.330113
29,0.01,1,2,10000,500,0.3,5.374512911,29.338063,279.5200269,417.9814842,716.385313,1448.5994,1,-0.072059363,0.017041699,0.144049362,7,2,5793.109551,7621.330136
29,0.01,1,2,10000,500,0.2,4.427506924,413.4950719,114.4459162,219.894058,290.3484297,1042.610983,7,0.200213339,0.024572042,0.323076214,5,2,4956.933904,7354.663581
29,0.01,1,2,10000,500,0.1,8.466845036,0.002848625,282.2928939,128.6990993,210.0693228,629.5310097,1,0.156876163,0.015659617,0.255351013,6,2,4636.970049,7668.330117
30,0.01,1,2,10000,500,0.3,0.663293839,403.8621237,115.3668919,212.0848978,322.4762659,1054.453473,5,0.066425588,0.010323602,0.140058348,7,2,5457.992297,7371.330241
30,0.01,1,2,10000,500,0.2,1.780483007,36.96049619,156.9604747,121.4026344,128.4394939,445.5435822,1,-0.018396275,0.021060439,0.225747944,6,2,5196.09047,7597.330146
30,0.01,1,2,10000,500,0.1,1.725191116,13.47319198,93.29899597,242.3673778,113.5506451,464.4154019,1,0.150812586,0.009887235,0.227438171,5,2,4641.388077,7702.663435
31,0.01,1,2,10000,500,0.3,0.157737017,160.1817698,91.46185803,349.213975,398.6529999,999.6683397,5,-0.017027637,0.021255152,0.264270429,6,2,5283.443486,7507.663517
31,0.01,1,2,10000,500,0.2,6.755332232,70.71584511,48.21101904,225.5353322,185.2780259,536.4955544,1,0.096529554,0.015075061,0.223593387,5,2,5057.05533,7679.663445
31,0.01,1,2,10000,500,0.1,7.281220198,11.21579599,50.48970819,176.8471618,194.4744236,440.3083098,1,0.300869656,0.021092062,0.262789979,5,2,4876.636752,6329.664011
32,0.01,1,2,10000,500,0.3,3.555361986,6.54593873,113.3345983,139.9804218,157.2369099,420.6532307,1,0.049701378,0.012746309,0.138349611,6,2,5641.899649,7521.330178
32,0.01,1,2,10000,500,0.1,3.022877932,9.255312204,118.6662769,83.11339593,63.74282789,277.8006909,1,-0.154670599,0.028556014,0.169893396,5,2,5469.062229,7943.330001
32,0.01,1,2,10000,500,0.2,4.461350918,18.72211909,147.1901429,320.2014432,284.9434402,775.5184963,1,0.048199527,0.007528513,0.120430768,6,2,4875.558834,7533.330173
33,0.01,1,2,10000,500,0.2,4.962736845,15.25236106,139.1719849,225.1993682,98.0040679,482.590519,1,0.173484712,0.009550803,0.171116505,5,2,5641.214684,7462.663536
33,0.01,1,2,10000,500,0.1,4.879888296,75.35724425,121.4589109,220.5603731,212.2354591,634.4918756,2,0.067919065,0.022680798,0.245832557,4,2,5288.658676,7588.33015
33,0.01,1,2,10000,500,0.3,3.640961885,11.40776396,114.484983,216.8395452,67.75571609,414.1289701,1,0.17811488,0.017640098,0.226889925,6,2,4840.74627,4779.664662
34,0.01,1,2,10000,500,0.3,4.831738949,466.6354811,84.67756009,237.8630359,79.55035901,873.5581751,4,-0.037971432,0.023522092,0.208052384,5,2,5504.616243,7073.663699
34,0.01,1,2,10000,500,0.2,1.279665947,109.026618,157.761724,234.1280611,199.8381259,702.0341949,2,-0.041569918,0.017996528,0.169009774,6,2,5270.520828,7901.330019
34,0.01,1,2,10000,500,0.1,4.239546776,7.741739035,106.8642378,186.0247071,56.2380681,361.1082988,1,-0.175284663,0.040375022,0.232256794,4,2,4476.692237,7244.330294
35,0.01,1,2,10000,500,0.2,2.556618929,310.1055431,299.74951,279.8422151,108.0178008,1000.271688,3,0.075818279,0.02300569,0.292916476,4,2,4877.489052,7692.66344
35,0.01,1,2,10000,500,0.1,1.502991199,328.0047209,119.5617528,417.1830201,93.88964987,960.1421349,1,-0.051670963,0.024123133,0.242819239,2,2,4134.648938,7588.663483
36,0.01,1,2,10000,500,0.2,0.993070841,8.232285976,185.441334,115.2559681,146.7956841,456.718343,1,0.171882193,0.025553419,0.316493643,6,2,4903.245363,7235.663631
36,0.01,1,2,10000,500,0.1,5.712357044,0.002824068,238.8744569,227.8195031,48.16143417,520.5705752,1,-0.031427081,0.030005654,0.228704209,3,2,4464.582535,6660.330539
37,0.01,1,2,10000,500,0.2,11.41606402,6.767780066,85.60694242,296.3739107,38.59371305,438.7584102,1,-0.034604433,0.025128731,0.221279725,2,2,5071.49576,5989.664154
37,0.01,1,2,10000,500,0.1,2.337050915,62.73182583,123.6299839,97.03050637,105.912852,391.6422191,2,0.089631183,0.022713677,0.322699686,5,2,4648.905399,7609.330141
38,0.01,1,2,10000,500,0.2,1.393841028,47.1716218,98.02656364,176.790951,143.9011631,467.2841406,2,0.20213755,0.019504759,0.207848615,4,2,4744.352606,7799.663395
38,0.01,1,2,10000,500,0.1,2.412327766,43.79292083,113.5004399,483.3109961,101.1735129,744.1901975,2,-0.046510271,0.012791374,0.222199652,4,2,4481.950153,7569.330158
39,0.01,1,2,10000,500,0.2,12.46720099,23.14899278,90.226686,433.7850702,129.2685139,688.8964639,1,-0.16421698,0.044665599,0.223822736,5,2,4599.507619,6690.66386
39,0.01,1,2,10000,500,0.1,1.462852716,61.40231705,158.4929509,314.4038191,107.7742279,643.5361676,1,0.098826368,0.024849423,0.261136821,3,2,4395.050596,7614.663472
40,0.01,1,2,10000,500,0.1,0.417015076,22.36935091,70.79559135,302.552639,62.39134192,458.5259383,1,-0.023907311,0.016444136,0.236246023,3,2,4614.107323,7377.663572
40,0.01,1,2,10000,500,0.2,2.481407881,44.72373104,106.391284,462.570775,171.4462709,787.6134689,1,-0.061978949,0.022426324,0.223047241,4,2,4420.949302,7700.663436
41,0.01,1,2,10000,500,0.2,0.950437784,0.287304878,176.4886458,330.4383748,104.1188359,612.2835991,1,-0.023062353,0.031297843,0.227011716,6,2,4738.056391,7915.663346
41,0.01,1,2,10000,500,0.1,0.987003803,76.85847092,146.1603119,421.9975491,208.4700921,854.4734278,1,-0.070308856,0.022721894,0.208986655,5,2,4722.326582,7643.66346
42,0.01,1,2,10000,500,0.2,6.796719074,4.120473146,92.57041407,190.2051539,85.69038105,379.3831413,1,-0.025970838,0.012759408,0.220632089,5,2,5177.059559,7776.330071
42,0.01,1,2,10000,500,0.1,7.290068865,7.019381046,117.3883708,55.92120481,143.726527,331.3455524,1,0.063273118,0.010800876,0.142595999,5,2,4544.418689,7628.330133
43,0.01,1,2,10000,500,0.1,1.101313829,83.96338201,276.2501769,359.1349387,63.30509281,783.7549043,2,-0.050640901,0.016842984,0.146355885,4,2,4059.958895,7196.663648
44,0.01,1,2,10000,500,0.1,4.246954918,1.636913061,164.7357872,265.5722208,208.1916459,644.3835218,1,0.171861307,0.030208262,0.22009556,5,2,5043.161538,7592.330148
45,0.01,1,2,10000,500,0.1,4.484024048,210.0582612,214.1710711,115.9805598,100.9636481,645.6575642,1,-0.04955294,0.019789692,0.232633609,5,2,4611.681424,7449.663542
46,0.01,1,2,10000,500,0.1,6.516192198,66.31312895,166.7574401,544.3177719,160.109781,944.0143142,2,0.172860752,0.006081075,0.137394471,6,2,3997.579694,7380.330237
47,0.01,1,2,10000,500,0.1,0.368891954,14.98934197,465.405113,431.6951218,166.7147017,1079.17317,1,0.0226739,0.007685495,0.20614644,5,2,6743.894733,7514.663514
48,0.01,1,2,10000,500,0.1,0.572861195,4.842885256,194.028373,142.8569348,156.8390448,499.140099,1,-0.018524773,0.017584348,0.226233053,3,2,4665.724748,7136.663673
49,0.01,1,2,10000,500,0.1,3.017410755,9.569655657,108.3249879,202.2745731,159.545872,482.7324994,1,0.07559509,0.019539206,0.225838697,6,2,4420.347742,7242.330295
50,0.01,1,2,10000,500,0.1,2.855242968,39.50905395,315.992837,340.1939871,85.983114,784.534235,1,0.082679597,0.031299304,0.281798604,3,2,4196.507369,7439.663546
51,0.01,1,2,10000,500,0.1,7.123930693,25.35326481,84.50749326,245.883359,211.722296,574.5903437,1,-0.045599311,0.012625657,0.196771172,2,2,5116.648254,7136.663673
52,0.01,1,2,10000,500,0.1,1.265683174,443.51406,241.6776798,230.5333223,182.0069261,1098.997671,6,-0.039054698,0.034320364,0.255330026,4,2,4989.259095,7547.330167
53,0.01,1,2,10000,500,0.1,7.743939161,4.947066307,78.13175702,176.5302777,59.56702709,326.9200673,1,0.16221041,0.041772047,0.334626148,4,2,4054.287285,7926.663341
100,0.01,1,2,10000,500,0.3,0.946108103,58.70617175,172.2928569,201.6300931,216.8587379,650.4339678,2,0.104723069,0.017699725,0.226057185,7,2,5892.708973,7415.330223
100,0.01,1,2,10000,500,0.2,1.527685165,8.645853996,105.3116188,158.2139709,342.6345811,616.33371,1,-0.067463769,0.017712465,0.189739118,4,2,5612.291185,7819.330053
100,0.01,1,2,10000,500,0.1,4.174200058,4.735157967,201.7217951,194.4121518,87.48933721,492.5326421,1,-0.036396864,0.007947071,0.146840453,4,2,4747.16727,7279.663613
100,0.01,1,2,10000,500,0,0.479143858,289.7668369,83.42293811,217.202641,33.11939621,623.9909561,3,-0.028367145,0.038457346,0.313216115,2,2,4508.266519,7449.330208
101,0.01,1,2,10000,500,0.1,2.054322004,11.09435177,166.3111718,210.43894,72.70892096,462.6077065,1,-0.152527013,0.028072954,0.25646815,3,2,5100.032596,6988.663735
101,0.01,1,2,10000,500,0.2,1.407666922,190.296571,116.8653719,231.777086,212.9264381,753.273134,5,-0.057728732,0.021170833,0.246215081,4,2,4883.409482,7604.330143
101,0.01,1,2,10000,500,0.3,4.181377888,435.835264,112.7238297,279.3694992,165.578733,997.6887038,5,-0.145578684,0.029072595,0.179547936,5,2,4742.100098,7819.663386
101,0.01,1,2,10000,500,0,3.070921421,239.9724929,109.9792368,132.6804252,39.84268975,525.5457661,2,0.304184304,0.065400765,0.439221263,3,2,4714.35778,7866.330033
102,0.01,1,2,10000,500,0.2,2.071357012,262.5682919,192.4419107,181.5086772,207.1862211,845.776458,3,-0.160878967,0.032932355,0.175652173,5,2,5750.632409,7449.330208
102,0.01,1,2,10000,500,0.3,2.541213274,321.2868397,342.288552,475.6299789,140.8207543,1282.567338,5,-0.083544207,0.013199317,0.175727114,5,2,5222.777306,7812.663389
102,0.01,1,2,10000,500,0.1,2.783006907,20.28383708,193.8441498,299.7683258,59.48589206,576.1652117,1,0.214336516,0.022756638,0.244622131,4,2,4451.102301,6938.330423
102,0.01,1,2,10000,500,0,1.705121994,136.777436,207.7436671,225.4279349,59.62982106,631.2839811,2,-0.044016168,0.016809902,0.251133263,2,2,3877.272549,7738.330087
103,0.01,1,2,10000,500,0.3,2.842658758,1.174953222,285.852278,567.7033679,226.351022,1083.92428,1,-0.027371016,0.022922976,0.28215429,6,2,5561.042034,7536.663505
103,0.01,1,2,10000,500,0.1,0.415534258,7.562129021,92.12471485,427.4353459,145.631856,673.16958,1,-0.024317157,0.018078164,0.294312223,2,2,5216.751478,7724.663426
103,0.01,1,2,10000,500,0.2,1.247014999,237.6465771,97.9565208,231.4314952,82.76218176,651.0437899,3,0.168493414,0.015648284,0.142207886,6,2,4879.153654,7137.663672
103,0.01,1,2,10000,500,0,0.890525103,14.04469299,173.3687992,239.7343569,36.98710895,465.0254831,1,0.165261815,0.051270825,0.410814237,3,2,3853.128237,7419.663554
104,0.01,1,2,10000,500,0.2,3.30499506,49.42377543,217.3329799,60.14540386,109.391468,439.5986223,2,-0.058954085,0.022117707,0.167815309,6,2,5982.503496,7641.330128
104,0.01,1,2,10000,500,0.3,3.574333191,7.754431009,261.6882851,286.7866619,56.5544672,616.3581784,1,0.062430211,0.015121614,0.241866661,4,2,5274.73382,6959.330414
104,0.01,1,2,10000,500,0,0.833358765,2.320293903,158.120012,200.3309691,39.64449716,401.249131,1,0.207667627,0.039276298,0.342380969,2,2,4705.803557,6795.663816
104,0.01,1,2,10000,500,0.1,2.070259333,13.05496597,228.609777,247.4075301,286.65044,777.7929723,1,0.164710844,0.024543828,0.220753273,5,2,4127.639737,7698.663437
105,0.01,1,2,10000,500,0.3,12.17548609,12.33520603,121.8881333,184.8348868,77.26616096,408.4998732,1,0.172273891,0.021900035,0.214046955,6,2,5882.573447,7044.330378
105,0.01,1,2,10000,500,0.2,0.589305162,61.54159999,428.9252791,631.6153219,170.2613719,1292.932878,1,0.209531718,0.048468797,0.3835712,4,2,4863.892434,7580.663487
105,0.01,1,2,10000,500,0.1,4.48431778,198.220181,187.2565351,181.3301311,138.3696451,709.66081,5,0.04623273,0.019417167,0.275407528,4,2,4550.088709,6715.663849
105,0.01,1,2,10000,500,0,9.490684032,309.1518428,130.225095,170.8775532,106.3270569,726.072232,6,0.084455612,0.033593442,0.428768258,1,2,3964.066666,6925.330428
106,0.01,1,2,10000,500,0.3,1.028586149,303.34586,160.3243699,216.6612422,190.7282379,872.0882962,5,-0.166984623,0.025143838,0.225992895,5,2,5651.340643,7203.330312
106,0.01,1,2,10000,500,0.2,6.830799103,26.5661869,153.8189261,144.2076571,246.399349,577.8229182,1,-0.028608226,0.018624739,0.258061026,6,2,4813.940841,7855.663371
106,0.01,1,2,10000,500,0.1,6.196168184,0.66468215,320.6536791,221.6543469,226.8899329,776.0588093,1,0.177322428,0.009596309,0.17640413,5,2,4437.259341,7898.663353
106,0.01,1,2,10000,500,0,1.514321089,2.138358831,231.81459,80.34986067,78.08119082,393.8983214,1,-0.018906871,0.027653961,0.378937946,3,2,3906.114141,6763.330496
107,0.01,1,2,10000,500,0.3,0.621496916,17.48974705,146.8845649,511.909364,278.2965698,955.2017426,1,0.049569125,0.009221213,0.198422843,7,2,5864.329133,7270.330283
107,0.01,1,2,10000,500,0.2,1.072078228,2.746695042,139.0319901,474.5540392,270.6744289,888.0792315,1,0.093270447,0.018003784,0.171227652,5,2,5022.808023,7491.663524
107,0.01,1,2,10000,500,0.1,1.83923316,45.09441209,120.6644399,213.8787541,48.42109299,429.8979323,1,0.079846863,0.021435142,0.226806212,3,2,4668.171665,7751.663415
107,0.01,1,2,10000,500,0,2.699267864,56.61439109,256.1526411,155.542011,28.83724093,499.845552,1,0.08630485,0.043404111,0.319901609,1,2,4256.943231,6105.330772
108,0.01,1,2,10000,500,0.3,1.911671162,445.4879808,166.9277129,387.0661941,146.0220768,1147.415636,6,0.054956687,0.014538885,0.224263624,5,2,5577.813278,6295.664026
108,0.01,1,2,10000,500,0.1,3.457615137,72.74854302,166.3730781,130.9019446,255.564513,629.0456939,1,-0.152494564,0.014863776,0.228212892,4,2,4988.75577,7533.330173
108,0.01,1,2,10000,500,0.2,1.735604048,125.4005482,79.94887376,95.90142083,139.8240499,442.8104968,3,0.067896338,0.025352768,0.205257732,6,2,4769.055812,7682.330111
108,0.01,1,2,10000,500,0,1.262372255,203.6397541,116.634959,143.4187052,30.09967709,495.0554676,1,0.197404196,0.04179995,0.268107374,3,2,3755.32348,5569.66433
109,0.01,1,2,10000,500,0.3,2.426979065,1111.29124,49.86861205,690.1133637,66.99606776,1920.696263,5,0.062477363,0.022988905,0.221600893,5,2,5796.37233,6783.663821
109,0.01,1,2,10000,500,0.1,0.928369999,5.631428957,161.007982,288.350894,101.5486639,557.4673388,1,-0.146940295,0.040340186,0.250983249,3,2,4999.167548,7925.330009
109,0.01,1,2,10000,500,0.2,1.72817111,7.822504759,102.4625261,133.9441452,104.8386509,350.7959981,1,-0.034473893,0.040982019,0.330142708,4,2,4806.654434,7068.330368
109,0.01,1,2,10000,500,0,4.905313015,237.6942811,185.4244852,192.6272819,31.43582582,652.0871871,5,0.088481223,0.039946522,0.411656787,2,2,4358.867016,7817.330054
110,0.01,1,2,10000,500,0.2,1.511202097,70.4807229,56.93751597,246.0851541,40.78651714,415.8011122,2,-0.010764416,0.023399316,0.221649174,2,2,5034.085348,7796.330063
110,0.01,1,2,10000,500,0.3,0.448846102,26.83393407,176.5338559,269.6094091,131.8620207,605.2880659,1,0.093533273,0.015643843,0.213304838,5,2,4541.932058,7041.33038
110,0.01,1,2,10000,500,0.1,1.755684137,30.23103499,108.8863511,127.3214359,82.40398312,350.5984893,2,-0.157153577,0.025272497,0.259831921,4,2,4518.480542,6659.33054
110,0.01,1,2,10000,500,0,0.264019966,19.01656914,81.7827282,167.5660121,31.20803285,299.8373623,1,-0.029244577,0.022548071,0.231341401,0,2,4272.697491,6528.330595
111,0.01,1,2,10000,500,0.3,0.780195236,135.3489988,82.89959288,315.9913309,94.27459407,629.2947118,2,0.209913052,0.034700797,0.215047253,6,2,5636.950366,6557.330583
111,0.01,1,2,10000,500,0,2.931010008,42.52723598,138.0103729,125.4198799,30.53973675,339.4282355,2,-0.030696944,0.027429599,0.238852305,2,2,4691.907197,7815.330055
111,0.01,1,2,10000,500,0.2,2.755963326,23.55722904,92.15044022,197.6524251,166.320704,482.4367616,1,-0.028414218,0.017346108,0.188247054,4,2,4657.394181,7893.330022
111,0.01,1,2,10000,500,0.1,4.609923124,17.63487792,169.150393,330.0945013,193.0726292,714.5623245,1,-0.061059153,0.015762784,0.161460043,4,2,4192.128265,6892.330442
112,0.01,1,2,10000,500,0.3,0.86898613,510.6694498,108.006144,48.44507313,305.4472821,973.4369352,8,-0.043777171,0.014050345,0.220027475,7,2,5957.954776,7409.663558
112,0.01,1,2,10000,500,0.2,0.401894093,309.1049192,156.2068031,74.50166607,136.4646869,676.6799693,1,0.207191236,0.030971734,0.378497101,3,2,5128.84581,6893.663775
112,0.01,1,2,10000,500,0.1,0.861438274,26.244771,155.40327,98.18750405,328.7720709,609.4690542,1,0.092253472,0.017934781,0.152395697,5,2,4934.096373,7706.663434
112,0.01,1,2,10000,500,0,0.529785156,13.47999883,230.0241702,169.1663828,32.00242305,445.20276,1,0.079128433,0.033036574,0.386760693,0,2,3877.083234,7881.66336
113,0.01,1,2,10000,500,0.2,2.519226789,26.29162979,130.5233548,260.8666701,116.3294711,536.5303526,1,0.179378077,0.028242007,0.273158758,6,2,5419.545105,6827.330469
113,0.01,1,2,10000,500,0.3,1.915654182,7.749648333,191.4255521,507.7591329,323.3052518,1032.155239,1,0.032047143,0.01010414,0.121445141,7,2,5401.658577,6805.663812
113,0.01,1,2,10000,500,0.1,2.476232052,1.594537258,286.9750149,159.2607119,115.5479653,565.8544614,1,0.071128582,0.009244284,0.173808695,3,2,4606.431203,7088.33036
113,0.01,1,2,10000,500,0,1.099977016,2.10116601,87.16261005,189.705471,37.907161,317.9763851,1,0.090031804,0.049054605,0.345507832,1,2,4074.983169,6893.663775
114,0.01,1,2,10000,500,0.3,2.46211195,6.844836235,73.25741696,286.3472531,90.08194923,458.9935675,1,-0.046704902,0.016214895,0.228413264,5,2,5328.952312,7540.663503
114,0.01,1,2,10000,500,0.1,1.54042697,660.0635509,229.1192708,281.1359439,75.62984324,1247.489036,12,0.084113603,0.035054369,0.328062769,3,2,4422.538546,7516.663513
114,0.01,1,2,10000,500,0,0.598520279,328.7290938,185.064436,248.4584379,33.88016891,796.7306569,5,0.18518154,0.064952607,0.462787361,2,2,3945.1389,7922.663343
114,0.01,1,2,10000,500,0.2,5.625461102,1367.384244,93.411448,147.78548,55.26093197,1669.467565,6,0.082029413,0.020316325,0.21025711,3,2,3792.917,7803.663393
115,0.01,1,2,10000,500,0.3,4.611171246,24.97419906,62.90352011,392.005439,111.6512592,596.1455886,1,0.085438632,0.022796905,0.166407983,6,2,6307.584019,7929.330007
115,0.01,1,2,10000,500,0.2,1.408463001,1.916705132,124.7821341,195.5671344,146.7592897,470.4337263,1,-0.024120487,0.03332982,0.250267929,4,2,5192.948965,7784.663401
115,0.01,1,2,10000,500,0.1,2.860848904,578.857635,163.1562519,76.30413604,114.498117,935.6769888,9,0.169813246,0.028586519,0.287910616,5,2,4214.544358,7356.330247
115,0.01,1,2,10000,500,0,3.395782709,198.5841379,108.8298979,288.9998572,31.94363618,631.7533119,4,0.063834672,0.036472808,0.40349288,3,2,3910.265789,5112.331189
116,0.01,1,2,10000,500,0.3,4.064247608,222.641732,167.4970269,167.3740361,147.18185,708.7588925,3,-0.159798777,0.037798846,0.299818519,4,2,4994.23817,7262.330287
116,0.01,1,2,10000,500,0.1,0.83504796,2.265413046,131.265728,200.3002551,52.81275725,387.4792013,1,-0.033568131,0.029700364,0.259019021,4,2,4892.092529,5597.664318
116,0.01,1,2,10000,500,0.2,0.884695053,67.88963103,156.2267151,216.8274808,132.5043981,574.3329201,1,0.074155318,0.015408493,0.247575246,6,2,4702.96065,7697.663438
116,0.01,1,2,10000,500,0,3.353530169,26519.99547,139.1263759,68.69899535,57.46037197,26788.63474,7,0.068831608,0.040623197,0.263917551,1,2,4129.614662,7542.663503
117,0.01,1,2,10000,500,0.3,1.636501074,2249.811673,143.2090998,415.854733,503.9252019,3314.437208,2,0.079486801,0.023709497,0.19601164,6,2,5830.679969,7939.663336
117,0.01,1,2,10000,500,0.2,0.501449347,14.36818314,190.6956091,336.3925619,150.2658761,692.2236795,1,-0.017028996,0.017317389,0.21585397,5,2,4848.019652,7785.663401
117,0.01,1,2,10000,500,0.1,1.865831137,1.365942001,126.8950088,244.6389689,140.1811512,514.946902,1,-0.167534117,0.031298592,0.216809836,5,2,4549.753051,7259.330288
117,0.01,1,2,10000,500,0,2.053109884,69.45481086,121.7711711,179.318501,27.76932096,400.3669138,2,0.095095354,0.020350905,0.325411215,2,2,3647.337608,6533.663926
118,0.01,1,2,10000,500,0.2,0.672736883,69.26374221,63.63645005,146.0423088,75.60120201,355.21644,2,0.169699151,0.018640339,0.2552895,6,2,5704.612171,7921.33001
118,0.01,1,2,10000,500,0.3,2.006126881,606.6159508,68.80053091,437.398459,94.35688615,1209.177954,6,-0.059027098,0.034580967,0.203623494,6,2,5364.329979,7166.330327
118,0.01,1,2,10000,500,0.1,0.9169209,21.62280488,135.942086,91.64661789,76.66049409,326.7889237,1,-0.049366626,0.013212487,0.235554495,2,2,4627.112943,7119.66368
118,0.01,1,2,10000,500,0,4.739846945,58.1888442,167.5395222,213.795253,98.02990317,542.2933695,1,0.213319657,0.044625407,0.41829589,2,2,4145.372569,7522.663511
119,0.01,1,2,10000,500,0.3,2.317407131,3.542110205,94.21779895,369.4951932,378.143765,847.7162745,1,0.064554731,0.018205091,0.225470044,6,2,5887.672272,6991.663734
119,0.01,1,2,10000,500,0.2,1.410440922,4.063057899,224.6866071,332.9739249,143.023335,706.1573658,1,-0.02173032,0.01482405,0.179698732,4,2,5384.972262,7748.663416
119,0.01,1,2,10000,500,0.1,2.5189569,62.94630408,117.5685918,393.3083463,177.3670881,753.7092872,2,0.082688967,0.013582281,0.135371144,3,2,4444.579484,7436.330214
119,0.01,1,2,10000,500,0,3.918633938,40.48548913,86.42044425,381.2118692,38.0043211,550.0407577,1,-0.036275825,0.020985847,0.225284017,1,2,4413.581063,7379.663571
120,0.01,1,2,10000,500,0.3,0.879578829,203.4190619,137.8382971,230.9265139,237.2323639,810.2958157,1,0.088209047,0.018434704,0.145099011,5,2,5009.671478,7864.663367
120,0.01,1,2,10000,500,0.2,3.356557846,175.1324961,137.709656,464.9212801,259.622483,1040.742473,2,0.081859804,0.013074956,0.208997629,5,2,4965.143423,7829.330049
120,0.01,1,2,10000,500,0.1,1.231981993,33.14875007,137.843529,368.7890661,131.5672009,672.580528,1,-0.014267661,0.020608245,0.234230781,3,2,4629.949487,7687.663442
120,0.01,1,2,10000,500,0,3.887006283,0.523116112,66.44387984,133.678436,58.67653608,263.2089744,1,0.092787144,0.040452228,0.408815024,2,2,4294.544817,7837.663379
121,0.01,1,2,10000,500,0.2,2.402750969,294.7828889,178.929255,255.0867319,76.63459992,807.8362267,5,0.030772152,0.020280868,0.237890624,4,2,4975.178302,7690.330107
121,0.01,1,2,10000,500,0.1,0.916145802,0.816794872,115.8147132,228.284657,127.58095,473.4132609,1,0.300789403,0.019177154,0.243383132,5,2,4660.65797,6377.330658
121,0.01,1,2,10000,500,0.3,0.291916847,154.9655252,139.2681322,172.879663,51.64217615,519.0474133,5,0.059645679,0.029143648,0.270000558,4,2,4325.207051,6362.330664
121,0.01,1,2,10000,500,0,2.30893302,89.80637097,153.4701021,203.6427667,45.7432971,494.9714699,2,-0.043120094,0.034228881,0.265601177,2,2,3800.826142,7746.663417
122,0.01,1,2,10000,500,0.3,1.236660004,54.22582293,113.3009741,289.1406739,367.096035,825.0001659,2,0.173469645,0.014858915,0.212043643,5,2,6112.159445,7561.330161
122,0.01,1,2,10000,500,0.2,1.675171852,58.33873391,160.5111179,151.2862463,100.7509909,472.5622609,2,-0.042264372,0.02059124,0.243061631,5,2,4976.676537,7535.663506
122,0.01,1,2,10000,500,0,0.365257978,1.745411158,131.4071999,166.560231,28.18374729,328.2618473,1,-0.063912471,0.032196569,0.399896395,1,2,4431.090401,7087.33036
122,0.01,1,2,10000,500,0.1,1.807862043,176.0529337,86.59221315,122.2029369,94.71502686,481.3709726,4,-0.028795125,0.025966926,0.306566406,2,2,4038.841961,7135.663673
123,0.01,1,2,10000,500,0.3,0.732415915,12.5904603,100.05691,326.677397,358.881773,798.9389563,1,0.093617761,0.022122019,0.176274083,8,2,5254.027033,7901.330019
123,0.01,1,2,10000,500,0.2,1.249876976,3.540421963,274.276437,231.8049111,104.266681,615.1383281,1,-0.023451675,0.011657644,0.195806423,5,2,4840.609166,7849.663374
123,0.01,1,2,10000,500,0.1,3.788111925,62.96177983,165.906698,327.3393211,37.78548002,597.7813909,1,-0.01262794,0.022145785,0.228100043,2,2,4835.796563,6853.663792
124,0.01,1,2,10000,500,0.3,0.751957893,3.714993,75.54397488,256.477881,103.9344709,440.4232776,1,-0.02607008,0.022243535,0.174173072,4,2,5787.853409,7890.330023
124,0.01,1,2,10000,500,0.1,0.386944056,108.805203,207.2230959,208.0924931,220.996423,745.504159,2,0.077901047,0.013141477,0.224020084,5,2,5658.779543,7793.330064
124,0.01,1,2,10000,500,0.2,4.273719788,1.402961016,185.3107152,241.30006,66.60314584,498.8906019,1,-0.048410382,0.016915177,0.238062496,4,2,5109.516083,7492.663524
125,0.01,1,2,10000,500,0.2,7.645336151,2.680484056,109.8007762,627.8597739,120.045228,868.0315983,1,0.077654132,0.016132448,0.220788824,5,2,5018.443302,7901.663352
125,0.01,1,2,10000,500,0.3,2.463737011,2.739470959,197.7131112,170.7918701,98.296767,472.0049562,1,-0.048682015,0.017600453,0.267825432,5,2,4822.723295,7777.663404
125,0.01,1,2,10000,500,0.1,0.383134127,2.849916935,200.792973,173.2112932,109.749094,486.9864113,1,-0.017424342,0.042245675,0.382465911,4,2,4601.601428,6834.6638
126,0.01,1,2,10000,500,0.2,4.789212704,1.090404987,156.5463769,221.415875,88.59050012,472.4323697,1,-0.070552674,0.026975789,0.224325246,4,2,5338.177446,7439.663546
126,0.01,1,2,10000,500,0.1,4.218211889,9.962873936,111.821481,151.9429848,78.62214804,356.5676997,1,-0.170463682,0.022612406,0.22315111,4,2,4830.698519,7199.663646
126,0.01,1,2,10000,500,0.3,5.118063927,129.1015902,58.78187394,323.086678,158.6612728,674.7494788,4,0.190999748,0.028408549,0.360883053,4,2,4770.655362,6596.330566
127,0.01,1,2,10000,500,0.2,0.366949081,2.538563967,132.634254,335.066869,313.9450889,784.5517249,1,0.069742638,0.005819913,0.130946739,5,2,4953.785823,7579.330154
127,0.01,1,2,10000,500,0.1,0.495583057,657.8277471,193.9854379,241.5759118,79.31848192,1173.203162,5,-0.021738425,0.026058828,0.232593234,1,2,4885.417518,6950.330418
127,0.01,1,2,10000,500,0.3,1.734888077,84.40833688,194.1837499,264.8704698,93.76848316,638.9659278,2,0.292953919,0.030199817,0.27373673,5,2,4438.758287,7224.663636
128,0.01,1,2,10000,500,0.3,3.436331034,2.664284945,86.854491,445.2209039,77.88733387,616.0633447,1,0.301536704,0.013513921,0.225335513,5,2,5466.784074,7556.663497
128,0.01,1,2,10000,500,0.2,5.030173779,68.41956592,268.12936,295.6611462,142.876596,780.1168418,1,-0.032309026,0.031116521,0.278491201,6,2,4837.249477,7683.663443
129,0.01,1,2,10000,500,0.2,4.117419004,11.04514289,97.28214216,202.0888679,100.604522,415.1380939,1,0.203280114,0.023776927,0.210200703,7,2,5346.348195,7828.663383
129,0.01,1,2,10000,500,0.3,8.254324913,299.8048918,65.70062733,179.7027912,299.1803846,852.6430199,3,0.173843119,0.009257543,0.137477094,5,2,5021.208448,7405.66356
130,0.01,1,2,10000,500,0.3,0.294475794,3.619660139,168.4031529,187.0208597,88.42968607,447.7678347,1,0.113902002,0.014142625,0.16689137,5,2,5482.551049,7566.330159
131,0.01,1,2,10000,500,0.3,1.657299042,6.664824963,192.1659429,138.0783613,103.4863939,442.0528221,1,0.083942506,0.020960295,0.169249349,8,2,5922.314711,7669.330116
132,0.01,1,2,10000,500,0.3,1.166361094,176.6710439,140.479115,525.5015388,84.68155169,928.4996104,2,-0.044693854,0.022872647,0.172271259,4,2,5611.673259,7636.33013
133,0.01,1,2,10000,500,0.3,0.352574825,69.09250808,103.4691741,487.6915689,89.52069807,750.126524,1,-0.046728104,0.032598101,0.260024369,4,2,5180.102863,6856.66379
200,0.01,1,2,10000,500,0.3,3.952911854,0.350328922,218.031431,170.2628131,329.1174867,721.7149715,1,0.067489496,0.010989014,0.170176693,5,2,5148.51949,7561.663495
200,0.01,1,2,10000,500,0.1,8.602510929,188.976701,140.6643269,214.8250642,99.62914085,652.6977439,2,0.210859963,0.035875884,0.242572167,4,2,5106.593626,7397.663563
200,0.01,1,2,10000,500,0,7.02503705,0.00344491,104.5000887,185.5851822,33.67750907,330.7912619,1,-0.024825383,0.021439485,0.22150708,1,2,4909.048734,7702.330102
200,0.01,1,2,10000,500,0.2,0.692910194,24.40271997,71.50740504,202.3047462,78.65586996,377.5636513,1,-0.030391485,0.017889022,0.247804606,3,2,4756.827446,6342.330673
201,0.01,1,2,10000,500,0.3,5.676186085,88.33205009,117.6148472,224.3147619,206.6462851,642.5841303,2,-0.150095784,0.016061131,0.224846823,7,2,5331.128411,7587.663484
201,0.01,1,2,10000,500,0.2,2.393199682,11.3989017,67.26158881,525.0238371,93.72916412,699.8066914,1,-0.03837876,0.026338519,0.251706289,7,2,4597.820605,5730.33093
201,0.01,1,2,10000,500,0.1,3.119502068,13.17600608,90.86463189,232.391094,128.138062,467.689296,1,0.211264948,0.043956783,0.338739086,3,2,4586.51373,7355.330248
201,0.01,1,2,10000,500,0,1.289310932,0.837760925,124.7636311,251.7428262,57.31437397,435.9479032,1,0.083343629,0.031536339,0.382939652,1,2,3778.79926,7747.330083
202,0.01,1,2,10000,500,0.3,4.770410061,225.4807019,164.3848791,141.3750637,122.0229609,658.0340157,5,0.087281259,0.010316696,0.221186344,7,2,5408.515791,7397.33023
202,0.01,1,2,10000,500,0.1,2.357795,5.45199585,167.7060149,186.411953,173.1832428,535.1110015,1,-0.013300801,0.034516589,0.218010364,5,2,4950.680672,7532.663507
202,0.01,1,2,10000,500,0.2,0.385787725,108.7840691,279.6330934,87.37918687,123.3601999,599.5423369,2,0.071796349,0.017624803,0.22363547,7,2,4936.047066,7437.663547
202,0.01,1,2,10000,500,0,1.349941254,4.596076012,115.789542,443.7144701,100.7383151,666.1883445,1,0.056141713,0.037946732,0.46825853,4,2,4068.200731,7768.663408
203,0.01,1,2,10000,500,0.3,6.789597273,167.8726621,342.842603,281.2554393,148.6702793,947.4305809,3,0.197281411,0.013562276,0.206161375,7,2,5364.37342,7902.663352
203,0.01,1,2,10000,500,0.2,2.685950994,541.6584258,293.3365519,264.4933052,91.1521337,1193.326368,1,-0.038714497,0.015806987,0.237922796,4,2,4916.589568,7502.663519
203,0.01,1,2,10000,500,0.1,11.60614872,11.68365383,90.63744593,303.7273641,99.38455582,517.0391684,1,0.186209661,0.016379191,0.23352926,5,2,4418.242135,7400.330229
203,0.01,1,2,10000,500,0,6.030534983,35.45582676,132.4957352,197.9238107,30.13974619,402.0456538,1,0.104353697,0.032837548,0.326641318,1,2,4023.856989,6626.663887
204,0.01,1,2,10000,500,0.2,4.500272751,402.2827692,234.3632939,450.3858423,379.9170499,1471.449228,5,0.052321771,0.019545409,0.222105373,6,2,5157.383963,7723.330093
204,0.01,1,2,10000,500,0.3,2.440628052,279.136059,234.5254569,317.9669869,300.0622249,1134.131356,5,0.167462125,0.007500936,0.128790078,6,2,5042.551921,7871.330031
204,0.01,1,2,10000,500,0,4.656002045,39.41943908,174.6133959,169.000864,47.55454612,435.2442472,2,-0.026785966,0.036717171,0.340586588,2,2,4611.175364,7920.663344
204,0.01,1,2,10000,500,0.1,3.074658155,21.63733411,108.771245,396.7405643,116.4264357,646.6502373,1,0.142812037,0.010903704,0.156093392,4,2,4167.799979,7526.330176
205,0.01,1,2,10000,500,0.3,0.76836729,117.3997729,141.9273131,204.5158799,459.029356,923.6406891,2,0.058956609,0.017721488,0.20103087,7,2,6008.621118,7941.330002
205,0.01,1,2,10000,500,0.1,3.365768194,900.3167479,196.2378912,140.1640289,107.4404871,1347.524923,5,0.174926214,0.020219338,0.247429968,5,2,5097.039139,7603.663477
205,0.01,1,2,10000,500,0.2,22.25682092,353.108995,196.153208,128.4748428,161.8987081,861.8925748,7,-0.0413059,0.041569252,0.335605694,6,2,4791.261932,6862.663788
205,0.01,1,2,10000,500,0,7.083812714,17.18351912,285.660598,321.5047538,77.22691321,708.6595969,1,-0.150810456,0.039126947,0.273210461,4,2,4324.805065,7450.663541
206,0.01,1,2,10000,500,0.3,1.720933914,180.205816,290.305676,432.7433388,409.087456,1314.063221,3,0.089440418,0.016180359,0.24125051,7,2,5280.874546,7712.663431
206,0.01,1,2,10000,500,0.2,1.466370821,63.50715899,96.7180512,75.89892197,236.8365297,474.4270327,2,-0.047791522,0.031409418,0.267264845,5,2,5174.269189,7305.330269
206,0.01,1,2,10000,500,0.1,2.774196863,7.974942923,86.70187902,92.90798593,85.52479482,275.8837996,1,0.039363513,0.012872079,0.140012832,4,2,4406.875388,7597.66348
206,0.01,1,2,10000,500,0,6.370455742,835.5077078,209.2494361,451.7711487,44.0465591,1546.945307,5,0.046691862,0.044307904,0.376615601,2,2,4186.330159,6941.330421
207,0.01,1,2,10000,500,0.3,4.134756804,10.54095387,107.674278,531.719434,124.5180981,778.5875208,1,-0.02932668,0.024189796,0.231072199,4,2,5272.509853,7235.663631
207,0.01,1,2,10000,500,0.2,2.817003012,228.9627721,134.9548659,205.971334,155.3998809,728.1058559,5,-0.067100159,0.02668402,0.226564285,5,2,4846.100113,7941.663335
207,0.01,1,2,10000,500,0,1.798330784,30.13657498,134.4319961,166.8027539,175.0819259,508.2515817,1,0.093258748,0.03833955,0.330016251,3,2,4525.525125,7738.66342
207,0.01,1,2,10000,500,0.1,1.058892012,8.597975731,189.976218,484.6510792,40.26236296,724.5465279,1,-0.030622448,0.017203565,0.226683643,3,2,4498.20841,7468.3302
208,0.01,1,2,10000,500,0.3,3.455001116,9.261421204,186.2946229,310.5049021,171.216078,680.7320254,1,-0.045105152,0.015326697,0.182908349,5,2,5417.654425,5765.664248
208,0.01,1,2,10000,500,0.2,0.678462267,143.212116,243.8652661,253.7780371,194.2176058,835.7514873,5,0.066724698,0.013507392,0.229679292,5,2,4920.869126,7069.330368
208,0.01,1,2,10000,500,0.1,0.346870899,110.3266649,137.8304703,124.2772937,58.837672,431.6189718,2,-0.043528439,0.018879194,0.226067567,4,2,4707.523551,7369.663575
208,0.01,1,2,10000,500,0,0.582684755,9.001745224,154.812006,144.3232179,31.34327292,340.0629268,1,0.106169797,0.045147817,0.262861311,2,2,4402.969564,7759.330078
209,0.01,1,2,10000,500,0.3,0.636419058,1286.173111,137.1499009,114.2166448,93.73663092,1631.912707,6,0.071838264,0.016431127,0.141470487,6,2,5083.740138,7188.663651
209,0.01,1,2,10000,500,0.1,0.452311039,364.9749079,188.8475237,366.5794351,127.7464209,1048.600599,5,-0.057830226,0.02146995,0.169969962,4,2,4781.783919,7689.663441
209,0.01,1,2,10000,500,0.2,0.491518021,21.07112813,92.94085598,426.163604,62.80180383,603.46891,1,0.068336829,0.015960015,0.224090194,3,2,4381.720339,7631.663465
209,0.01,1,2,10000,500,0,3.916768551,2.413490772,207.6523271,117.4279439,43.05342197,374.4639523,1,0.085964361,0.021759593,0.255296479,2,2,4094.654967,7879.663361
210,0.01,1,2,10000,500,0.3,0.872272968,20.72856116,137.1240032,132.7892232,75.18635392,366.7004144,1,-0.042865101,0.029343939,0.21729173,4,2,5427.520652,6951.66375
210,0.01,1,2,10000,500,0.2,0.343907118,34.97844696,131.6203661,363.1600561,75.40481997,605.5075963,1,0.206573054,0.043193116,0.247643904,3,2,5053.397047,7150.330334
210,0.01,1,2,10000,500,0.1,5.22476387,79.43792319,155.5454571,219.5347681,180.086972,639.8298843,2,0.285905977,0.034922742,0.28346429,5,2,4134.644074,5516.331019
210,0.01,1,2,10000,500,0,2.456615925,5.388837099,338.651788,312.0184598,41.04767799,699.5633788,1,0.076782649,0.029882332,0.294044342,2,2,3703.202863,7697.663438
211,0.01,1,2,10000,500,0.3,0.867017984,0.228061914,89.17948437,328.886441,256.3586531,675.5196583,1,-0.057156697,0.020958902,0.170335168,2,2,5697.669458,7925.330009
211,0.01,1,2,10000,500,0.1,1.643767834,18.49503517,338.133394,791.183347,154.4440138,1303.899558,1,-0.048945097,0.022587487,0.249274527,3,2,4880.742397,7903.663351
211,0.01,1,2,10000,500,0.2,0.775563717,87.90937185,415.8690979,839.8302009,96.2231741,1440.607409,2,-0.028704216,0.033987723,0.291232111,4,2,4782.715061,7395.663564
211,0.01,1,2,10000,500,0,2.019236088,18.43252802,168.5441573,238.892009,36.63530588,464.5232363,1,-0.009987016,0.030793838,0.360117937,3,2,4164.595627,6111.33077
212,0.01,1,2,10000,500,0.3,1.863161087,2.692557096,126.3826401,215.5624697,143.6079962,490.1088243,1,-0.060288552,0.017066027,0.231997849,5,2,5256.094729,7703.330102
212,0.01,1,2,10000,500,0.2,0.876657009,2.441910028,111.1247261,148.5686078,95.0279839,358.0398848,1,0.057822724,0.012907588,0.233375064,4,2,5078.073416,7941.330002
212,0.01,1,2,10000,500,0.1,4.251111984,42.98031878,160.3512011,207.598084,75.85330892,491.0340247,1,0.058232202,0.014320975,0.214356732,3,2,4710.59273,7746.330084
212,0.01,1,2,10000,500,0,6.660587072,0.566712141,141.1880741,271.9455533,39.88203788,460.2429645,1,-0.020082801,0.041623319,0.432840813,3,2,4168.627124,6793.663817
213,0.01,1,2,10000,500,0.3,5.778580189,54.37175608,215.3053539,324.899894,190.466254,790.8218381,2,0.20897538,0.033681666,0.249999618,4,2,5584.149657,7523.330177
213,0.01,1,2,10000,500,0.2,0.9189744,14.91899204,74.37000918,286.8517303,82.89107418,459.9507802,1,-0.026884879,0.028629265,0.255054375,4,2,4705.16838,6535.330592
213,0.01,1,2,10000,500,0,0.849039078,9.625592709,268.9392998,250.2435362,78.56513095,608.2225988,1,0.086673353,0.020674022,0.360713711,2,2,4342.676355,6928.66376
213,0.01,1,2,10000,500,0.1,0.370824099,132.737854,263.795419,187.9356852,391.974232,976.8140142,2,-0.065291264,0.015497125,0.19851261,3,2,4161.127867,6994.330399
214,0.01,1,2,10000,500,0.3,3.222847939,17.70790291,204.5404181,346.4120889,122.6308408,694.5140986,1,-0.165844772,0.033173708,0.214237969,4,2,5857.357292,7826.663383
214,0.01,1,2,10000,500,0.2,0.559689045,17.21583891,164.5353479,270.6018062,94.08941102,547.0020931,1,0.193763534,0.035797244,0.230884259,3,2,5084.644326,7818.663387
214,0.01,1,2,10000,500,0.1,0.623427153,161.976614,235.227895,580.4255071,114.4050539,1092.658497,3,0.180272086,0.01320112,0.233400698,5,2,4461.225765,7940.663336
214,0.01,1,2,10000,500,0,4.513459921,38.54735518,137.7614279,223.9521389,38.10067725,442.8750591,1,0.081309143,0.0301829,0.281195296,3,2,4440.973226,6770.663826
215,0.01,1,2,10000,500,0.1,2.720628023,336.4974349,114.8771701,218.9151211,177.0759621,850.0863161,3,0.046138615,0.026827452,0.304771837,4,2,5125.661775,5871.33087
215,0.01,1,2,10000,500,0.3,13.22351694,3.718321085,80.97009993,201.2203782,155.2168949,454.349211,1,0.17789353,0.014407432,0.134172734,5,2,5082.569552,7324.663594
215,0.01,1,2,10000,500,0.2,3.111663103,3.116849899,64.64265704,390.1795263,168.097661,629.1483574,1,0.059510284,0.019101193,0.163583672,3,2,4940.752793,6693.330526
215,0.01,1,2,10000,500,0,2.03100276,5.751385927,150.088382,349.0373058,38.02104092,544.9291174,1,0.20959343,0.06262393,0.310016851,1,2,4119.133264,7537.330171
216,0.01,1,2,10000,500,0.2,4.079338074,3.964219093,64.91723704,91.45224118,118.3652999,282.7783353,1,0.200883583,0.016782534,0.189023753,5,2,5427.266858,7769.663407
216,0.01,1,2,10000,500,0.3,2.853415012,57.98752117,269.5827999,206.005301,122.48616,658.9151971,1,-0.039671747,0.037399298,0.307444355,6,2,5201.242959,7267.330285
216,0.01,1,2,10000,500,0.1,4.43208909,37.9583807,106.8215659,152.5023139,74.53209496,376.2464445,1,0.096690852,0.03133743,0.283707576,3,2,5191.421148,7796.330063
216,0.01,1,2,10000,500,0,0.296030045,24.46265006,262.0374353,141.9740338,91.17979908,519.9499483,1,0.180618966,0.051945469,0.488037323,3,2,4103.23881,7628.330133
217,0.01,1,2,10000,500,0.3,9.339725018,4.410394907,141.968086,253.5836473,109.6310229,518.9328761,1,0.06929936,0.013569249,0.22156135,5,2,5352.581959,6856.330457
217,0.01,1,2,10000,500,0.2,1.350275993,8.177330971,109.065937,350.3451447,125.217442,594.1561308,1,-0.027675377,0.018689862,0.166169827,4,2,4636.003258,6063.664123
217,0.01,1,2,10000,500,0.1,1.416857243,27.66939402,203.4875391,136.4683001,151.234067,520.2761574,1,0.070313745,0.019882645,0.289314083,4,2,4539.626824,7306.330268
217,0.01,1,2,10000,500,0,1.272013903,150.1414299,167.3482931,161.6954761,37.4317081,517.888921,1,-0.029298123,0.015201794,0.185221595,2,2,4433.881105,7884.330026
218,0.01,1,2,10000,500,0.2,0.282832861,221.3426511,239.44083,167.9980562,97.27492809,726.3392982,4,0.072350043,0.019963549,0.236522169,4,2,5129.541575,7836.330046
218,0.01,1,2,10000,500,0.3,0.571823835,3143.975717,90.33194709,258.9513052,276.543503,3770.374296,1,0.058853813,0.003981579,0.122107644,6,2,5018.682768,7107.330352
218,0.01,1,2,10000,500,0,4.567969084,0.301293135,180.430881,341.12672,43.20518398,569.6320472,1,-0.056332976,0.039542489,0.347592563,3,2,4038.786061,6092.664111
219,0.01,1,2,10000,500,0.3,2.263855934,11.68367481,141.298229,49.01967287,96.39319873,300.6586313,1,0.196343517,0.033396016,0.219569923,6,2,5784.384075,6932.663758
219,0.01,1,2,10000,500,0.2,0.481278896,10.12613988,64.01200604,382.782414,227.9779999,685.3798387,1,0.220017983,0.03120951,0.218383246,6,2,5030.335667,7218.330305
219,0.01,1,2,10000,500,0,2.34232235,0.511363029,148.3929842,327.5793769,49.01960111,527.8456476,1,0.056415483,0.046896402,0.462181467,3,2,3838.275238,7716.330096
220,0.01,1,2,10000,500,0.2,1.09214282,535.6886458,134.4921441,87.97368813,163.7183311,922.964952,10,0.068211562,0.014650395,0.223176848,5,2,5425.107462,7813.663389
220,0.01,1,2,10000,500,0.3,2.818486929,1.860523939,278.8543146,225.6664121,157.1285162,666.3282537,1,0.064311701,0.016311311,0.260974461,5,2,4811.855576,7612.663473
220,0.01,1,2,10000,500,0,1.269220114,47.159374,99.24072909,289.51878,33.22530198,470.4134052,1,0.105441687,0.020763036,0.282935958,2,2,4041.921349,7010.663726
221,0.01,1,2,10000,500,0.2,4.707754612,6.819979906,124.7090888,152.238127,162.4445629,450.9195132,1,0.057508279,0.008339182,0.121360204,7,2,5092.768963,7411.330224
221,0.01,1,2,10000,500,0.3,5.784979105,109.6235719,208.6666629,292.697516,232.198931,848.9716609,1,0.054287312,0.013691448,0.232387106,7,2,5029.419345,7661.663453
221,0.01,1,2,10000,500,0,2.31267786,4.528642178,115.047389,84.9752872,31.77486205,238.6388583,1,0.102750265,0.033387406,0.314621989,1,2,4320.480968,7428.66355
222,0.01,1,2,10000,500,0.3,4.134129763,3321.471569,144.9750428,88.2252841,145.6768231,3704.482849,5,0.107716816,0.019336681,0.197856342,6,2,5532.1211,7149.330334
222,0.01,1,2,10000,500,0.2,0.588338852,87.43823004,246.4584329,304.6469421,74.37764835,713.5095923,2,0.079758047,0.022146113,0.294098912,4,2,5121.090958,6084.664114
222,0.01,1,2,10000,500,0,6.460021019,25.89271879,84.85060692,301.077194,111.1386147,529.4191554,1,0.082558246,0.038784059,0.382199824,0,2,3910.547033,7692.330106
223,0.01,1,2,10000,500,0.2,4.322720051,246.527307,195.7483599,249.178683,78.89987302,774.6769431,5,-0.04387338,0.021422306,0.174472957,4,2,5620.062583,6843.330463
223,0.01,1,2,10000,500,0.3,1.488485098,5.69710803,268.5913761,233.244405,245.828568,754.8499422,1,-0.023031419,0.021833695,0.211073662,6,2,5304.494014,6892.663775
223,0.01,1,2,10000,500,0,1.864093065,4.978500128,147.1168499,506.5725362,53.46409798,713.9960773,1,0.195005441,0.037813238,0.40837284,2,2,3874.350522,7628.330133
224,0.01,1,2,10000,500,0.3,8.640635014,264.1367531,133.7407093,215.5378346,203.591718,825.64765,4,-0.049540002,0.027094681,0.167310828,5,2,5439.596677,7539.330171
224,0.01,1,2,10000,500,0.2,2.331247091,49.99822593,109.7489748,311.860131,193.57794,667.5165188,1,0.072371446,0.020422004,0.212228399,3,2,5120.185048,6914.330433
224,0.01,1,2,10000,500,0,2.590749741,323.9186368,397.075331,189.849046,29.67044687,943.1042104,1,0.083980987,0.036995149,0.401396089,3,2,4377.629822,7880.663361
225,0.01,1,2,10000,500,0.3,1.399246931,29.45692587,203.0220411,321.8916051,186.8264651,742.5962842,1,0.189844701,0.012374832,0.172154992,7,2,5404.523321,7425.663552
225,0.01,1,2,10000,500,0,1.442209959,1.153455973,175.151912,180.2004538,49.14610887,407.0941405,1,0.11319683,0.03157577,0.248848533,1,2,4739.294861,7599.663479
225,0.01,1,2,10000,500,0.2,1.021715879,1233.501098,833.468215,394.6696768,139.5866301,2602.247336,1,0.037626228,0.016292672,0.19013714,6,2,4680.280085,7872.330031
226,0.01,1,2,10000,500,0.3,1.812409878,8.708290815,173.8814962,612.9800701,79.3416667,876.7239337,1,0.088254738,0.025565968,0.250018276,3,2,5619.30898,7048.66371
226,0.01,1,2,10000,500,0,7.743451834,101.1436498,187.3571639,224.3240383,32.76369905,553.3320029,2,0.21162005,0.051248151,0.445266476,2,2,4131.056658,7411.663558
227,0.01,1,2,10000,500,0.3,0.803050041,16.14804888,179.5317061,173.7046549,268.9475851,639.1350451,1,-0.031973342,0.010666744,0.212825861,6,2,5863.158675,7778.663404
227,0.01,1,2,10000,500,0,4.09975481,178.8178501,218.6601291,482.313448,68.0618341,951.953016,3,0.067159603,0.038466372,0.383891163,4,2,3899.021891,7083.663695
228,0.01,1,2,10000,500,0.3,9.338947773,185.8677578,181.9063911,88.09093595,238.9590619,704.1630945,5,0.168512866,0.026968854,0.269651902,5,2,5078.161561,7599.663479
228,0.01,1,2,10000,500,0,2.281490803,134.7902529,126.6491048,408.1465662,37.69993901,709.5673537,3,0.207978944,0.038538696,0.319194132,2,2,4353.188504,6300.33069
229,0.01,1,2,10000,500,0.3,2.969837904,649.693526,111.719434,389.1626971,99.19821382,1252.743709,3,0.186842253,0.016832661,0.226241681,5,2,5412.945543,5065.331208
229,0.01,1,2,10000,500,0,4.570358038,709.8882232,207.022218,176.389415,40.74282813,1138.613042,5,0.066665133,0.026135758,0.407993141,3,2,4115.648883,7176.663656
230,0.01,1,2,10000,500,0.3,3.142082214,7.079864979,89.12934613,264.8396859,229.2601409,593.4511201,1,0.084471528,0.01827317,0.164397524,6,2,5582.128251,7531.663507
230,0.01,1,2,10000,500,0,1.144355059,211.9943051,214.7143941,116.8852081,87.02084303,631.7591054,5,0.083721598,0.028325216,0.457212238,2,2,5022.662776,7231.3303
231,0.01,1,2,10000,500,0,0.426450968,41.32098699,144.6980062,125.2895088,49.9167738,361.6517267,2,0.211845546,0.040015142,0.331872923,2,2,4394.674715,7509.663516
232,0.01,1,2,10000,500,0,0.959478855,59.93838811,311.2362502,193.357321,32.04182291,597.5332611,1,0.106000453,0.03247814,0.277212226,2,2,4562.062661,5952.330836
233,0.01,1,2,10000,500,0,1.807303905,1.284719229,50.10793495,134.239423,97.87772989,285.317111,1,0.105699865,0.032804946,0.330615077,4,2,4878.663554,7214.330307
234,0.01,1,2,10000,500,0,1.581587076,22.73070788,316.9921482,217.830116,98.46461725,657.5991764,1,0.077446544,0.035026395,0.431171884,3,2,3949.52436,7656.330122
235,0.01,1,2,10000,500,0,0.303369999,123.8432031,101.7852268,323.4168148,45.07957506,594.4281898,2,0.100934177,0.035028486,0.328426636,2,2,4238.032984,7338.663588
236,0.01,1,2,10000,500,0,6.417918921,3.830624819,73.69948125,414.8660009,34.18839979,533.0024257,1,-0.036221684,0.026586975,0.368212954,2,2,4582.074813,7425.663552
237,0.01,1,2,10000,500,0,3.664064169,29.23245406,121.231009,184.6452153,47.59593296,386.3686755,1,0.095119899,0.031776246,0.250367503,1,2,3787.070386,7339.330255
238,0.01,1,2,10000,500,0,2.226429224,3.919589043,164.1344819,157.603482,34.91157198,362.7955542,1,0.191921832,0.041404846,0.433752817,5,2,4166.078293,6595.330567
239,0.01,1,2,10000,500,0,1.101414204,229.4670951,109.140871,179.0388341,32.93927097,551.6874855,1,0.180083783,0.03852138,0.303877784,2,2,3670.706583,7386.330235
240,0.01,1,2,10000,500,0,5.19966197,15.60244393,124.7047267,118.8384702,41.22013688,305.5654397,1,0.158232866,0.05515425,0.427753022,1,2,4106.109231,6930.663759
241,0.01,1,2,10000,500,0,3.341995955,20.41169786,120.7047172,233.1629109,33.04433918,410.6656611,1,0.055817149,0.042875981,0.508448673,3,2,4443.89963,6303.330689
242,0.01,1,2,10000,500,0,2.972054958,5.763620138,172.6274149,148.5843699,61.02048087,390.9679408,1,-0.057002264,0.013278738,0.255360098,3,2,4549.655704,6933.330425
243,0.01,1,2,10000,500,0,1.84244585,10.42299986,93.04514003,217.2963929,37.64349914,360.2504778,1,-0.033689848,0.037328664,0.416701099,4,2,4644.440814,6237.330717
244,0.01,1,2,10000,500,0,1.086013794,55.32135296,236.1943853,179.2888429,30.87688184,502.7674768,1,0.217582689,0.04110486,0.311082595,2,2,4084.043595,6045.330797
245,0.01,1,2,10000,500,0,4.69375205,9.948699236,145.4393981,302.5015619,36.45473266,499.0381439,1,0.198871864,0.054368132,0.440428437,3,2,4163.386454,7342.663586
246,0.01,1,2,10000,500,0,5.895247936,82.36531401,143.048517,377.8887532,61.64279199,670.8406241,2,-0.037415727,0.024161401,0.261309747,3,2,4121.1864,7868.663366
247,0.01,1,2,10000,500,0,1.80171895,1308.664884,187.3556979,280.0343742,102.8065419,1880.663217,3,0.070788571,0.03535199,0.419963239,4,2,4538.104821,7439.330213
248,0.01,1,2,10000,500,0,0.567439795,333.7878721,283.2431569,76.18933892,118.391006,812.1788137,1,0.105505399,0.032053964,0.312057417,3,2,4218.129675,7415.330223
249,0.01,1,2,10000,500,0,2.359989882,26.00094223,137.317919,176.4796369,28.72563791,370.8841259,1,0.183769224,0.06276348,0.313340301,1,2,3603.313197,7567.663492
250,0.01,1,2,10000,500,0,0.878054142,89.73951221,74.47252512,145.079329,53.35693383,363.5263543,1,0.075917679,0.036116015,0.357613175,1,2,4629.625944,7414.330223
251,0.01,1,2,10000,500,0,2.300413847,31.49752879,182.9859538,175.1207571,34.65675497,426.5614085,1,0.086032147,0.028142022,0.290174879,2,2,4017.010994,7551.330166
252,0.01,1,2,10000,500,0,4.288152933,49.02219224,89.629812,291.961931,67.40709305,502.3091812,1,0.101712107,0.04190583,0.426158545,4,2,4266.481253,7872.330031
253,0.01,1,2,10000,500,0,1.649690866,5.973179817,148.4878342,256.9705348,34.76601982,447.8472595,1,-0.147392047,0.039021034,0.287484322,2,2,4225.921096,6878.330448
254,0.01,1,2,10000,500,0,2.789081812,474.342036,91.02065301,130.5143938,40.68758988,739.3537545,6,0.105007739,0.03336438,0.299896677,2,2,4601.230897,6975.330407
255,0.01,1,2,10000,500,0,2.909685135,1836.295832,121.9297731,245.1674349,57.75354314,2264.056268,1,0.085474362,0.053237887,0.345810665,1,2,3991.859367,7764.663409
300,0.01,1,2,10000,500,0.2,1.668179989,266.296114,151.5100057,298.3414273,162.254637,880.070364,5,0.07162542,0.01336499,0.240491318,7,2,4977.322483,7910.330015